2B,3B,AB,AVG,Age,BB,CS,G,H,HBP,HR,OBP,OPS,Player,Pos,R,RBI,SB,SF,SH,SLG,SO,Team,_id
31,5,657,.248,32,53,8,161,163,4,26,.304,.733,Marcus Semien,2B,101,83,25,10,0,.429,120,TEX,63843faa972915bc12d38d3d
39,4,652,.298,29,45,3,160,194,3,21,.343,.809,Trea Turner,SS,101,100,27,6,0,.466,131,LAD,63843faa972915bc12d38d3e
43,1,652,.290,24,41,8,159,189,2,24,.333,.802,Bo Bichette,SS,91,93,13,2,0,.469,155,TOR,63843faa972915bc12d38d3f
32,1,640,.277,28,49,7,162,177,3,25,.329,.776,Dansby Swanson,SS,99,96,18,4,0,.447,182,ATL,63843faa972915bc12d38d40
35,0,638,.274,23,58,3,160,175,6,32,.339,.819,Vladimir Guerrero,1B,90,97,8,4,0,.480,116,TOR,63843faa972915bc12d38d41
26,9,637,.283,27,25,4,153,180,4,11,.312,.715,Amed Rosario,SS,86,71,18,4,0,.403,111,CLE,63843faa972915bc12d38d42
25,5,630,.270,29,59,6,161,170,10,26,.339,.788,Francisco Lindor,SS,98,107,16,7,0,.449,133,NYM,63843faa972915bc12d38d43
44,0,616,.240,28,75,0,162,148,4,34,.325,.802,Matt Olson,1B,86,103,0,4,0,.477,170,ATL,63843faa972915bc12d38d44
39,2,615,.273,25,57,0,159,168,17,38,.349,.877,Austin Riley,3B,90,93,2,4,0,.528,168,ATL,63843faa972915bc12d38d45
47,2,612,.325,33,84,3,159,199,5,21,.407,.918,Freddie Freeman,1B,117,100,13,7,0,.511,102,LAD,63843faa972915bc12d38d46
32,4,608,.258,28,47,10,156,157,9,16,.318,.721,Cedric Mullins,OF,89,64,34,5,1,.403,126,BAL,63843faa972915bc12d38d47
34,5,605,.250,29,40,6,156,151,6,27,.300,.756,Adolis Garcia,OF,88,101,25,6,0,.456,183,TEX,63843faa972915bc12d38d48
44,5,601,.280,30,69,7,157,168,6,29,.355,.869,Jose Ramirez,3B,90,126,20,9,0,.514,82,CLE,63843faa972915bc12d38d49
40,0,601,.304,35,62,0,157,183,12,15,.378,.824,Jose Abreu,1B,85,75,0,4,0,.446,110,CWS,63843faa972915bc12d38d4a
27,0,597,.271,27,67,1,160,162,12,40,.352,.870,Pete Alonso,1B,95,131,5,9,0,.518,128,NYM,63843faa972915bc12d38d4b
24,1,593,.245,28,58,0,151,145,7,33,.317,.772,Corey Seager,SS,91,83,3,5,0,.455,103,TEX,63843faa972915bc12d38d4c
39,1,593,.280,26,42,3,152,166,3,11,.328,.733,Alex Verdugo,OF,75,74,1,6,0,.405,86,BOS,63843faa972915bc12d38d4d
26,3,593,.302,27,48,2,157,179,4,27,.358,.850,Nathaniel Lowe,1B,74,76,2,0,0,.492,147,TEX,63843faa972915bc12d38d4e
31,6,591,.254,22,30,7,150,150,6,20,.294,.722,Bobby Witt,SS,82,80,30,5,0,.428,135,KC,63843faa972915bc12d38d4f
33,2,589,.246,29,72,1,156,145,6,30,.332,.794,Rhys Hoskins,1B,81,79,2,4,0,.462,169,PHI,63843faa972915bc12d38d50
30,4,587,.239,28,70,0,158,140,16,17,.332,.722,Jake Cronenworth,2B,88,88,3,8,0,.390,131,SD,63843faa972915bc12d38d51
41,3,586,.263,27,46,12,153,154,11,20,.327,.772,Randy Arozarena,OF,72,89,32,2,0,.445,156,TB,63843faa972915bc12d38d52
30,6,586,.273,28,72,9,157,160,5,34,.356,.875,Shohei Ohtani,DH,90,95,11,3,0,.519,161,LAA,63843faa972915bc12d38d53
24,3,586,.280,26,31,3,152,164,4,13,.315,.713,Alec Bohm,3B,79,72,2,10,0,.398,110,PHI,63843faa972915bc12d38d54
25,2,583,.242,31,69,2,160,141,8,36,.327,.804,Christian Walker,1B,84,94,2,7,0,.477,131,ARI,63843faa972915bc12d38d55
30,7,580,.274,29,71,2,151,159,16,16,.367,.800,Brandon Nimmo,OF,102,64,3,3,3,.433,116,NYM,63843faa972915bc12d38d56
37,1,578,.298,30,63,1,150,172,1,32,.366,.897,Manny Machado,3B,100,102,9,2,0,.531,133,SD,63843faa972915bc12d38d57
21,3,577,.218,29,86,1,155,126,4,46,.323,.827,Kyle Schwarber,OF,100,94,10,2,0,.504,200,PHI,63843faa972915bc12d38d58
31,4,577,.265,27,46,3,153,153,5,13,.324,.724,Tommy Edman,2B,95,57,32,1,1,.400,111,STL,63843faa972915bc12d38d59
36,2,575,.243,29,73,1,152,140,4,15,.331,.722,Jurickson Profar,OF,82,58,5,3,3,.391,103,SD,63843faa972915bc12d38d5a
25,4,575,.252,30,88,3,154,145,5,14,.355,.738,Christian Yelich,OF,99,57,19,2,1,.383,162,MIL,63843faa972915bc12d38d5b
28,3,575,.257,32,43,0,150,148,8,29,.315,.783,C.J. Cron,1B,79,102,0,5,0,.468,164,COL,63843faa972915bc12d38d5c
24,0,574,.240,28,55,2,152,138,13,33,.318,.773,Anthony Santander,OF,78,89,0,5,0,.455,122,BAL,63843faa972915bc12d38d5d
42,2,573,.271,28,58,4,158,155,6,17,.342,.782,Ian Happ,OF,72,72,9,4,0,.440,149,CHC,63843faa972915bc12d38d5e
40,3,572,.269,30,55,2,142,154,8,35,.340,.873,Mookie Betts,OF,117,82,12,4,0,.533,104,LAD,63843faa972915bc12d38d5f
28,0,570,.311,30,111,3,157,177,6,62,.425,1.111,Aaron Judge,OF,133,131,16,5,0,.686,175,NYY,63843faa972915bc12d38d60
31,0,563,.238,27,49,3,139,134,1,31,.298,.756,Willy Adames,SS,83,98,8,4,0,.458,166,MIL,63843faa972915bc12d38d61
25,7,563,.298,25,62,5,147,168,7,6,.373,.773,Steven Kwan,OF,89,52,19,4,2,.400,60,CLE,63843faa972915bc12d38d62
41,0,561,.317,35,79,0,151,178,5,35,.404,.982,Paul Goldschmidt,1B,106,115,7,4,0,.578,141,STL,63843faa972915bc12d38d63
28,4,560,.248,32,45,4,147,139,7,1,.311,.629,Cesar Hernandez,2B,64,34,10,2,3,.318,114,WAS,63843faa972915bc12d38d64
38,0,557,.307,30,57,2,150,171,10,15,.377,.833,Xander Bogaerts,SS,84,73,8,7,0,.456,118,BOS,63843faa972915bc12d38d65
42,1,557,.293,31,52,3,148,163,7,30,.358,.891,Nolan Arenado,3B,73,103,5,4,0,.533,72,STL,63843faa972915bc12d38d66
27,4,555,.238,29,26,2,144,132,6,17,.278,.671,Javier Baez,SS,64,67,9,3,0,.393,147,DET,63843faa972915bc12d38d67
42,1,555,.295,26,50,1,141,164,6,27,.358,.879,Rafael Devers,3B,84,88,3,3,0,.521,114,BOS,63843faa972915bc12d38d68
28,1,555,.250,25,43,1,145,139,4,22,.305,.728,Ryan Mountcastle,1B,62,85,4,7,0,.423,154,BAL,63843faa972915bc12d38d69
27,1,551,.274,28,35,0,140,151,21,20,.338,.774,Ty France,2B,65,83,0,5,0,.436,94,SEA,63843faa972915bc12d38d6a
38,0,548,.259,28,87,2,155,142,11,23,.366,.820,Alex Bregman,3B,93,93,1,10,0,.454,77,HOU,63843faa972915bc12d38d6b
31,1,547,.316,25,50,4,144,173,3,8,.375,.795,Luis Arraez,2B,88,49,4,3,0,.420,43,MIN,63843faa972915bc12d38d6c
40,0,545,.242,38,30,0,146,132,6,8,.288,.648,Yuli Gurriel,1B,53,53,8,3,0,.360,73,HOU,63843faa972915bc12d38d6d
28,1,544,.257,25,59,4,150,140,1,30,.330,.808,Kyle Tucker,OF,71,107,25,2,0,.478,95,HOU,63843faa972915bc12d38d6e
24,2,543,.236,31,73,0,150,128,8,31,.332,.791,Eugenio Suarez,3B,76,87,0,5,0,.459,196,SEA,63843faa972915bc12d38d6f
19,4,542,.262,27,56,3,145,142,14,27,.345,.806,Bryan Reynolds,OF,74,62,7,2,0,.461,141,PIT,63843faa972915bc12d38d70
22,4,541,.238,30,46,6,156,129,5,3,.301,.612,Adam Frazier,2B,61,42,11,6,4,.311,73,SEA,63843faa972915bc12d38d71
27,1,538,.229,29,68,2,155,123,10,27,.324,.757,Matt Chapman,3B,83,76,2,5,0,.433,170,TOR,63843faa972915bc12d38d72
37,2,537,.250,28,56,0,148,134,13,18,.332,.758,Sean Murphy,C,67,66,1,5,0,.426,124,OAK,63843faa972915bc12d38d73
22,3,535,.221,28,54,1,152,118,1,0,.291,.564,Myles Straw,OF,72,32,21,4,2,.273,87,CLE,63843faa972915bc12d38d74
35,2,535,.250,27,34,4,145,134,10,16,.306,.719,Austin Hays,OF,66,60,2,3,0,.413,114,BAL,63843faa972915bc12d38d75
43,1,533,.274,35,52,0,139,146,5,16,.341,.789,J.D. Martinez,DH,76,62,0,5,0,.448,145,BOS,63843faa972915bc12d38d76
39,1,533,.326,30,40,0,148,174,11,9,.382,.836,Jeff McNeil,2B,73,62,4,5,0,.454,61,NYM,63843faa972915bc12d38d77
23,3,531,.235,26,46,6,151,125,7,27,.302,.745,Daulton Varsho,C,79,74,16,5,2,.443,145,ARI,63843faa972915bc12d38d78
22,6,530,.264,36,32,1,135,140,8,16,.314,.733,Charlie Blackmon,OF,60,78,4,3,4,.419,109,COL,63843faa972915bc12d38d79
23,0,529,.219,27,62,1,153,116,5,35,.306,.767,Rowdy Tellez,1B,67,89,2,3,0,.461,121,MIL,63843faa972915bc12d38d7a
23,3,529,.246,27,60,3,153,130,5,20,.327,.741,Ryan McMahon,3B,67,67,7,3,0,.414,158,COL,63843faa972915bc12d38d7b
39,0,527,.300,32,66,1,141,158,10,28,.387,.920,Jose Altuve,2B,103,57,18,1,0,.533,87,HOU,63843faa972915bc12d38d7c
30,3,527,.266,26,46,0,137,140,3,13,.325,.733,Brendan Rodgers,2B,72,63,0,5,0,.408,101,COL,63843faa972915bc12d38d7d
25,1,526,.255,32,33,3,145,134,16,14,.315,.701,Kyle Farmer,SS,58,78,4,6,2,.386,99,CIN,63843faa972915bc12d38d7e
28,1,526,.257,25,39,5,140,135,3,24,.310,.761,Gleyber Torres,SS,73,76,10,3,1,.451,129,NYY,63843faa972915bc12d38d7f
28,1,525,.229,31,59,0,151,120,11,19,.316,.710,Wilmer Flores,3B,72,71,0,7,0,.394,103,SF,63843faa972915bc12d38d80
27,0,524,.263,30,29,1,136,138,3,13,.305,.694,Nick Castellanos,OF,56,62,7,2,0,.389,130,PHI,63843faa972915bc12d38d81
24,1,522,.291,28,61,1,136,152,3,22,.366,.833,Carlos Correa,SS,70,64,0,4,0,.467,121,MIN,63843faa972915bc12d38d82
20,2,521,.253,25,22,2,136,132,6,22,.289,.715,Jeremy Pena,SS,72,63,11,5,1,.426,135,HOU,63843faa972915bc12d38d83
24,3,518,.243,27,68,2,145,126,10,6,.339,.675,J.P. Crawford,SS,57,42,3,5,2,.336,80,SEA,63843faa972915bc12d38d84
29,3,517,.251,27,51,2,150,130,7,11,.325,.708,Ha-Seong Kim,SS,58,59,12,4,3,.383,100,SD,63843faa972915bc12d38d85
25,0,515,.237,36,57,6,134,122,4,17,.316,.700,Andrew McCutchen,OF,66,69,8,4,0,.384,124,MIL,63843faa972915bc12d38d86
22,4,513,.267,33,54,2,133,137,7,25,.342,.814,George Springer,OF,89,76,14,5,0,.472,100,TOR,63843faa972915bc12d38d87
25,3,511,.284,21,40,7,132,145,8,28,.345,.854,Julio Rodriguez,OF,84,75,25,1,0,.509,145,SEA,63843faa972915bc12d38d88
28,1,510,.271,24,31,0,134,138,9,17,.321,.750,Andrew Vaughn,OF,60,76,0,5,0,.429,96,CWS,63843faa972915bc12d38d89
26,3,508,.260,27,56,0,137,132,10,24,.343,.808,Will Smith,C,68,87,1,4,0,.465,96,LAD,63843faa972915bc12d38d8a
21,3,506,.259,31,24,0,141,131,6,19,.299,.724,Randal Grichuk,OF,60,73,4,2,0,.425,127,COL,63843faa972915bc12d38d8b
24,3,505,.244,25,48,5,136,123,5,7,.314,.659,"Ke'Bryan Hayes",3B,55,41,20,2,0,.345,122,PIT,63843faa972915bc12d38d8c
27,3,504,.210,27,38,3,144,106,2,19,.265,.654,Cody Bellinger,OF,70,68,14,6,0,.389,150,LAD,63843faa972915bc12d38d8d
26,5,504,.276,31,41,1,139,139,12,22,.342,.820,J.T. Realmuto,C,75,84,21,5,0,.478,119,PHI,63843faa972915bc12d38d8e
27,3,501,.285,31,41,0,144,143,2,13,.338,.767,Gio Urshela,3B,61,64,1,7,0,.429,96,MIN,63843faa972915bc12d38d8f
26,3,500,.230,30,51,2,150,115,3,25,.305,.749,Seth Brown,OF,55,73,11,1,0,.444,146,OAK,63843faa972915bc12d38d90
35,1,499,.267,30,34,3,131,133,2,25,.316,.807,Teoscar Hernandez,OF,71,77,6,0,0,.491,152,TOR,63843faa972915bc12d38d91
26,2,498,.241,27,41,4,146,120,4,17,.301,.705,Lane Thomas,OF,62,52,8,5,0,.404,132,WAS,63843faa972915bc12d38d92
24,2,497,.235,31,45,1,147,117,8,7,.307,.641,Tony Kemp,2B,61,46,11,3,5,.334,69,OAK,63843faa972915bc12d38d93
26,4,495,.240,33,40,2,136,119,1,20,.295,.725,Eduardo Escobar,3B,58,69,0,6,0,.430,129,NYM,63843faa972915bc12d38d94
22,2,495,.281,28,60,3,135,139,4,23,.360,.833,Taylor Ward,OF,73,65,5,5,0,.473,120,LAA,63843faa972915bc12d38d95
25,7,494,.221,27,27,9,150,109,5,13,.267,.646,Jorge Mateo,SS,63,50,35,2,3,.379,147,BAL,63843faa972915bc12d38d96
42,2,492,.240,29,55,1,137,118,6,12,.321,.728,Ketel Marte,2B,68,52,5,5,0,.407,101,ARI,63843faa972915bc12d38d97
26,3,491,.297,24,34,3,146,146,25,17,.371,.837,Andres Gimenez,SS,66,69,20,3,4,.466,112,CLE,63843faa972915bc12d38d98
22,4,489,.264,25,17,2,127,129,4,17,.294,.723,Luis Rengifo,SS,45,52,6,0,1,.429,79,LAA,63843faa972915bc12d38d99
26,1,489,.245,34,32,1,138,120,2,14,.292,.681,AJ Pollock,OF,61,56,3,4,0,.389,98,CWS,63843faa972915bc12d38d9a
22,2,488,.260,26,33,6,140,127,14,14,.322,.722,Thairo Estrada,2B,71,62,21,5,1,.400,89,SF,63843faa972915bc12d38d9b
31,2,485,.214,32,61,1,148,104,5,17,.305,.697,Mike Yastrzemski,OF,73,57,5,6,1,.392,141,SF,63843faa972915bc12d38d9c
20,0,483,.261,27,35,4,142,126,5,4,.314,.641,Isiah Kiner-Falefa,SS,66,48,22,5,3,.327,72,NYY,63843faa972915bc12d38d9d
22,5,481,.281,25,28,2,135,135,6,10,.327,.737,Nico Hoerner,2B,60,55,20,2,0,.410,57,CHC,63843faa972915bc12d38d9e
23,1,481,.202,31,19,0,131,97,6,11,.239,.561,Jonathan Schoop,2B,48,38,5,4,0,.322,107,DET,63843faa972915bc12d38d9f
28,0,478,.222,36,54,2,132,106,8,15,.308,.682,Josh Donaldson,3B,59,62,2,6,0,.374,148,NYY,63843faa972915bc12d38da0
23,1,474,.255,30,39,1,125,121,4,29,.315,.807,Hunter Renfroe,OF,62,72,1,3,2,.492,121,MIL,63843faa972915bc12d38da1
33,0,473,.296,31,78,3,137,140,6,9,.401,.824,Yandy Diaz,3B,71,57,3,1,0,.423,60,TB,63843faa972915bc12d38da2
19,2,471,.236,33,26,3,140,111,6,6,.283,.606,Miguel Rojas,SS,34,36,9,3,1,.323,61,MIA,63843faa972915bc12d38da3
19,0,470,.226,32,31,1,124,106,2,23,.274,.687,Marcell Ozuna,OF,56,56,2,4,0,.413,122,ATL,63843faa972915bc12d38da4
29,2,470,.306,25,78,1,135,144,6,37,.406,1.019,Yordan Alvarez,OF,95,97,1,7,0,.613,106,HOU,63843faa972915bc12d38da5
19,0,470,.285,24,63,0,139,134,4,14,.372,.787,Alejandro Kirk,C,59,63,0,4,0,.415,58,TOR,63843faa972915bc12d38da6
28,0,469,.207,31,53,4,134,97,9,25,.298,.724,Patrick Wisdom,3B,67,66,8,2,1,.426,183,CHC,63843faa972915bc12d38da7
36,0,468,.278,38,50,0,128,130,6,13,.350,.788,Justin Turner,3B,61,81,3,8,0,.438,89,LAD,63843faa972915bc12d38da8
18,0,467,.261,34,67,3,125,122,4,12,.357,.734,DJ LeMahieu,3B,74,46,4,2,1,.377,71,NYY,63843faa972915bc12d38da9
24,0,467,.266,24,53,11,119,124,10,15,.351,.764,Ronald Acuna,OF,71,50,29,3,0,.413,126,ATL,63843faa972915bc12d38daa
24,5,466,.292,34,26,9,118,136,13,16,.347,.815,Starling Marte,OF,76,63,18,0,0,.468,97,NYM,63843faa972915bc12d38dab
21,1,465,.224,33,58,5,130,104,23,32,.338,.818,Anthony Rizzo,1B,77,75,6,2,0,.480,101,NYY,63843faa972915bc12d38dac
22,1,464,.196,32,90,0,136,91,5,21,.329,.713,Max Muncy,2B,69,69,2,6,0,.384,141,LAD,63843faa972915bc12d38dad
26,4,462,.236,31,34,3,129,109,3,12,.292,.679,Hunter Dozier,3B,51,41,4,1,0,.387,125,KC,63843faa972915bc12d38dae
24,0,462,.266,33,48,1,140,123,28,13,.367,.770,Mark Canha,OF,71,61,3,4,0,.403,97,NYM,63843faa972915bc12d38daf
21,3,460,.217,23,66,3,129,100,1,18,.313,.706,MJ Melendez,C,57,62,2,7,0,.393,131,KC,63843faa972915bc12d38db0
15,0,456,.219,29,84,0,136,100,4,14,.344,.688,Jesse Winker,OF,51,53,0,3,0,.344,103,SEA,63843faa972915bc12d38db1
32,1,453,.291,29,31,4,121,132,6,5,.343,.743,Lourdes Gurriel,OF,52,52,3,2,0,.400,83,TOR,63843faa972915bc12d38db2
16,2,451,.184,26,57,1,152,83,7,17,.284,.625,Trent Grisham,OF,58,53,7,2,7,.341,150,SD,63843faa972915bc12d38db3
28,0,449,.256,25,38,1,122,115,6,20,.319,.771,Josh Naylor,OF,47,79,6,5,0,.452,80,CLE,63843faa972915bc12d38db4
25,0,449,.267,28,36,6,135,120,2,7,.322,.692,Santiago Espinal,3B,51,51,6,3,1,.370,68,TOR,63843faa972915bc12d38db5
16,0,448,.234,42,49,0,124,105,4,10,.313,.650,Nelson Cruz,DH,50,64,4,3,0,.337,119,WAS,63843faa972915bc12d38db6
23,1,445,.254,32,18,0,114,113,7,23,.292,.757,Salvador Perez,C,48,76,0,3,0,.465,109,KC,63843faa972915bc12d38db7
25,0,444,.268,24,28,1,125,119,10,15,.325,.751,Jose Miranda,3B,45,66,1,1,0,.426,91,MIN,63843faa972915bc12d38db8
25,1,443,.269,28,55,3,125,119,2,9,.349,.740,Josh Rojas,2B,66,56,23,5,5,.391,98,ARI,63843faa972915bc12d38db9
30,0,439,.292,32,17,3,118,128,8,3,.328,.708,Jose Iglesias,SS,48,47,2,3,0,.380,56,COL,63843faa972915bc12d38dba
28,2,438,.283,31,54,0,119,124,6,40,.369,.999,Mike Trout,OF,85,80,1,1,0,.630,139,LAA,63843faa972915bc12d38dbb
12,4,436,.227,27,29,3,141,99,4,0,.281,.554,Nicky Lopez,SS,51,20,13,1,10,.273,63,KC,63843faa972915bc12d38dbc
30,4,432,.236,24,45,2,128,102,7,8,.316,.696,Dylan Carlson,OF,56,42,5,4,0,.380,94,STL,63843faa972915bc12d38dbd
10,2,431,.195,23,50,2,148,84,5,5,.285,.547,Geraldo Perdomo,SS,58,40,9,2,12,.262,103,ARI,63843faa972915bc12d38dbe
24,4,430,.251,32,46,6,134,108,14,15,.339,.769,Kolten Wong,2B,65,47,17,5,2,.430,88,MIL,63843faa972915bc12d38dbf
19,2,429,.217,29,28,1,124,93,6,13,.272,.633,Jeimer Candelario,3B,49,50,0,4,0,.361,109,DET,63843faa972915bc12d38dc0
19,2,427,.234,25,36,4,127,100,1,10,.295,.653,Bryson Stott,SS,58,49,12,1,1,.358,89,PHI,63843faa972915bc12d38dc1
19,3,426,.207,28,32,1,135,88,10,13,.275,.632,Rougned Odor,2B,49,53,6,4,0,.357,109,BAL,63843faa972915bc12d38dc2
26,1,424,.243,26,32,0,130,103,7,6,.301,.652,Owen Miller,2B,53,51,2,9,0,.351,93,CLE,63843faa972915bc12d38dc3
18,2,423,.215,29,27,1,118,91,4,15,.269,.643,Jared Walsh,1B,41,44,2,0,0,.374,138,LAA,63843faa972915bc12d38dc4
20,7,421,.276,25,47,2,129,116,0,6,.346,.745,Gavin Lux,2B,66,42,7,3,0,.399,95,LAD,63843faa972915bc12d38dc5
21,2,420,.271,28,17,1,120,114,1,7,.300,.681,Harold Castro,2B,37,47,0,2,3,.381,79,DET,63843faa972915bc12d38dc6
24,0,419,.205,29,40,0,128,86,7,16,.282,.659,Gary Sanchez,C,42,61,2,5,0,.377,136,MIN,63843faa972915bc12d38dc7
23,2,416,.243,30,45,2,113,101,24,22,.349,.815,Willson Contreras,C,65,55,4,2,0,.466,103,CHC,63843faa972915bc12d38dc8
18,0,415,.236,32,27,0,113,98,4,15,.286,.674,Jesus Aguilar,1B,37,49,1,5,0,.388,106,MIA,63843faa972915bc12d38dc9
10,3,414,.254,31,35,2,124,105,2,9,.313,.670,Michael Taylor,OF,49,43,4,3,2,.357,109,KC,63843faa972915bc12d38dca
33,2,414,.261,31,40,0,119,108,10,9,.337,.752,Garrett Cooper,OF,37,50,0,5,0,.415,119,MIA,63843faa972915bc12d38dcb
27,3,414,.297,21,21,2,114,123,5,19,.339,.853,Michael Harris,OF,75,64,20,0,1,.514,107,ATL,63843faa972915bc12d38dcc
20,3,411,.265,28,16,2,128,109,0,7,.292,.672,Raimel Tapia,OF,47,52,8,1,3,.380,81,TOR,63843faa972915bc12d38dcd
15,2,407,.231,35,39,1,118,94,8,9,.308,.652,Brandon Crawford,SS,50,52,1,4,0,.344,98,SF,63843faa972915bc12d38dce
18,2,407,.172,26,52,3,142,70,2,8,.268,.553,Taylor Walls,SS,53,33,10,2,2,.285,120,TB,63843faa972915bc12d38dcf
17,1,406,.239,25,50,2,119,97,11,16,.335,.739,Luis Urias,3B,54,47,1,5,0,.404,99,MIL,63843faa972915bc12d38dd0
20,1,406,.227,27,41,0,127,92,1,16,.298,.697,Jonah Heim,C,51,48,2,2,0,.399,87,TEX,63843faa972915bc12d38dd1
28,4,405,.272,27,19,4,138,110,10,9,.316,.743,Nick Gordon,OF,45,50,6,6,3,.427,105,MIN,63843faa972915bc12d38dd2
20,4,404,.238,30,55,2,111,96,7,7,.338,.697,Connor Joe,OF,56,28,6,1,0,.359,97,COL,63843faa972915bc12d38dd3
24,0,403,.300,28,19,5,120,121,9,6,.343,.747,Harold Ramirez,OF,46,58,3,4,0,.404,72,TB,63843faa972915bc12d38dd4
17,1,403,.248,28,30,0,118,100,5,16,.305,.719,Ramon Urias,2B,50,51,1,4,3,.414,98,BAL,63843faa972915bc12d38dd5
25,3,402,.221,32,44,1,118,89,5,10,.304,.677,Chris Taylor,2B,45,43,10,3,0,.373,160,LAD,63843faa972915bc12d38dd6
16,3,401,.229,27,19,1,129,92,2,14,.265,.654,Michael Chavis,2B,39,49,1,4,0,.389,126,PIT,63843faa972915bc12d38dd7
35,1,398,.254,24,65,0,113,101,4,13,.362,.807,Adley Rutschman,C,70,42,4,3,0,.445,86,BAL,63843faa972915bc12d38dd8
7,0,398,.211,33,50,0,110,84,0,31,.297,.759,Giancarlo Stanton,OF,53,78,0,3,0,.462,137,NYY,63843faa972915bc12d38dd9
10,0,397,.254,39,28,0,112,101,3,5,.305,.622,Miguel Cabrera,1B,25,43,1,5,0,.317,101,DET,63843faa972915bc12d38dda
22,2,397,.262,28,42,5,111,104,4,14,.336,.769,Seiya Suzuki,OF,54,46,9,3,0,.433,110,CHC,63843faa972915bc12d38ddb
18,1,397,.212,27,32,0,104,84,2,12,.273,.626,Yoan Moncada,3B,41,51,2,1,1,.353,114,CWS,63843faa972915bc12d38ddc
25,1,396,.268,33,19,0,107,106,11,18,.319,.791,"Travis d'Arnaud",C,61,60,0,0,0,.472,90,ATL,63843faa972915bc12d38ddd
22,0,394,.251,24,30,1,112,99,6,7,.313,.673,Keibert Ruiz,C,33,36,6,2,1,.360,50,WAS,63843faa972915bc12d38dde
21,1,391,.281,25,60,3,126,110,14,5,.394,.773,Brendan Donovan,2B,64,45,2,2,1,.379,70,STL,63843faa972915bc12d38ddf
18,1,388,.227,29,49,2,115,88,5,9,.318,.666,Max Kepler,OF,54,43,3,4,0,.348,66,MIN,63843faa972915bc12d38de0
14,1,388,.196,35,27,2,125,76,6,12,.257,.587,Kole Calhoun,OF,36,49,3,3,0,.330,136,TEX,63843faa972915bc12d38de1
19,2,386,.256,35,21,1,119,99,14,7,.317,.687,Josh Harrison,2B,50,27,2,2,2,.370,71,CWS,63843faa972915bc12d38de2
16,2,386,.249,25,31,4,103,96,14,10,.327,.705,Jonathan India,2B,48,41,3,0,0,.378,94,CIN,63843faa972915bc12d38de3
9,2,384,.216,33,62,3,130,83,4,8,.330,.643,Aaron Hicks,OF,54,40,10,2,1,.313,109,NYY,63843faa972915bc12d38de4
23,1,383,.240,33,30,3,95,92,0,6,.290,.642,Whit Merrifield,2B,51,42,15,7,0,.352,61,KC,63843faa972915bc12d38de5
17,1,381,.231,22,22,3,113,88,3,8,.275,.619,Alek Thomas,OF,45,39,4,5,0,.344,74,ARI,63843faa972915bc12d38de6
18,0,380,.284,25,17,3,98,108,3,12,.319,.745,Luis Robert,OF,54,56,11,1,0,.426,77,CWS,63843faa972915bc12d38de7
19,3,380,.274,30,42,2,134,104,7,23,.353,.874,Joc Pederson,OF,57,70,3,4,0,.521,100,SF,63843faa972915bc12d38de8
19,4,379,.235,23,38,7,113,89,3,16,.308,.741,Christopher Morel,OF,55,47,10,2,3,.433,137,CHC,63843faa972915bc12d38de9
19,0,377,.241,26,27,0,124,91,3,15,.295,.706,Gavin Sheets,OF,34,53,0,3,0,.411,86,CWS,63843faa972915bc12d38dea
18,4,376,.253,22,36,4,93,95,3,5,.321,.683,Riley Greene,OF,46,42,1,3,0,.362,120,DET,63843faa972915bc12d38deb
24,3,375,.301,30,49,1,103,113,5,14,.384,.877,Josh Bell,1B,52,57,0,6,0,.493,61,WAS,63843faa972915bc12d38dec
16,0,375,.235,29,64,3,104,88,2,16,.346,.751,Jorge Polanco,SS,54,56,3,4,0,.405,95,MIN,63843faa972915bc12d38ded
21,3,373,.233,28,22,2,120,87,7,17,.286,.728,Tyrone Taylor,OF,49,51,3,3,0,.442,102,MIL,63843faa972915bc12d38dee
13,0,373,.231,27,30,5,110,86,5,5,.296,.602,Nick Senzel,OF,45,25,8,1,2,.306,76,CIN,63843faa972915bc12d38def
21,2,372,.301,28,26,3,113,112,4,2,.349,.733,Yonathan Daza,OF,56,34,0,5,1,.384,58,COL,63843faa972915bc12d38df0
20,2,371,.232,30,48,1,115,86,3,9,.324,.693,Ben Gamel,OF,42,46,5,1,0,.369,98,PIT,63843faa972915bc12d38df1
15,0,371,.229,30,12,0,103,85,2,9,.255,.597,Maikel Franco,3B,31,39,1,3,0,.342,75,WAS,63843faa972915bc12d38df2
28,1,370,.286,30,46,4,99,106,3,18,.364,.878,Bryce Harper,OF,63,65,11,7,0,.514,87,PHI,63843faa972915bc12d38df3
20,1,370,.211,26,38,0,119,78,2,27,.284,.773,Cal Raleigh,C,46,63,1,5,0,.489,122,SEA,63843faa972915bc12d38df4
10,2,366,.224,25,17,4,132,82,9,6,.273,.584,Victor Robles,OF,42,33,15,4,11,.311,104,WAS,63843faa972915bc12d38df5
18,2,365,.241,25,15,4,112,88,8,8,.284,.651,Willi Castro,2B,47,31,9,3,1,.367,82,DET,63843faa972915bc12d38df6
27,0,362,.296,24,15,2,91,107,3,11,.327,.788,Oscar Gonzalez,OF,39,43,1,2,0,.461,75,CLE,63843faa972915bc12d38df7
24,0,361,.222,31,34,2,93,80,3,6,.291,.629,Enrique Hernandez,2B,48,45,0,4,0,.338,71,BOS,63843faa972915bc12d38df8
18,0,361,.235,30,14,0,111,85,0,12,.263,.648,Chad Pinder,OF,38,42,2,2,1,.385,118,OAK,63843faa972915bc12d38df9
23,2,360,.275,22,11,4,93,99,1,7,.295,.703,Luis Garcia,2B,29,45,3,4,1,.408,84,WAS,63843faa972915bc12d38dfa
16,1,360,.203,23,37,1,110,73,5,8,.285,.604,Spencer Torkelson,1B,38,28,0,2,0,.319,99,DET,63843faa972915bc12d38dfb
12,2,359,.245,27,46,3,119,88,1,14,.332,.739,Chas McCormick,OF,47,44,4,1,0,.407,106,HOU,63843faa972915bc12d38dfc
17,3,358,.240,32,42,5,102,86,3,4,.324,.662,Jon Berti,2B,47,28,41,1,0,.338,89,MIA,63843faa972915bc12d38dfd
9,0,357,.224,31,17,0,98,80,4,8,.266,.583,Avisail Garcia,OF,31,35,4,2,0,.317,109,MIA,63843faa972915bc12d38dfe
22,0,357,.238,30,32,0,94,85,3,16,.303,.737,Trevor Story,SS,53,66,13,4,0,.434,122,BOS,63843faa972915bc12d38dff
22,0,356,.233,31,58,0,113,83,2,11,.341,.729,Ji-Man Choi,1B,36,52,0,3,0,.388,123,TB,63843faa972915bc12d38e00
9,0,354,.277,32,25,6,98,98,7,10,.336,.723,Jean Segura,2B,45,33,13,1,0,.387,58,PHI,63843faa972915bc12d38e01
16,1,354,.268,30,35,0,92,95,9,10,.347,.751,Trey Mancini,1B,39,41,0,3,0,.404,86,BAL,63843faa972915bc12d38e02
24,0,354,.237,34,30,4,106,84,2,8,.301,.674,Elvis Andrus,SS,41,30,7,0,0,.373,62,OAK,63843faa972915bc12d38e03
18,2,351,.228,32,25,1,105,80,2,9,.281,.649,Elias Diaz,C,29,51,0,3,0,.368,82,COL,63843faa972915bc12d38e04
22,2,350,.274,30,29,2,92,96,4,20,.335,.855,Brandon Drury,3B,62,59,2,2,0,.520,84,CIN,63843faa972915bc12d38e05
24,1,347,.259,32,15,3,101,90,5,3,.297,.657,Joey Wendle,3B,27,32,12,3,1,.360,50,MIA,63843faa972915bc12d38e06
14,2,347,.320,28,39,2,93,111,1,3,.387,.785,Andrew Benintendi,OF,40,39,4,3,0,.398,52,KC,63843faa972915bc12d38e07
15,0,347,.251,32,34,1,110,87,6,4,.321,.650,Austin Nola,C,40,40,2,9,1,.329,60,SD,63843faa972915bc12d38e08
12,0,346,.223,32,29,1,114,77,6,4,.292,.584,Jacob Stallings,C,25,34,0,2,1,.292,83,MIA,63843faa972915bc12d38e09
18,0,346,.211,28,25,6,94,73,12,13,.287,.663,Ramon Laureano,OF,49,34,11,0,0,.376,104,OAK,63843faa972915bc12d38e0a
12,0,344,.186,36,22,0,113,64,7,15,.248,.600,Martin Maldonado,C,40,45,0,2,4,.352,116,HOU,63843faa972915bc12d38e0b
17,1,342,.246,24,91,2,101,84,3,21,.408,.893,Juan Soto,OF,62,46,6,0,0,.485,62,WAS,63843faa972915bc12d38e0c
11,1,340,.238,34,42,2,91,81,1,11,.320,.694,Tommy Pham,OF,57,39,7,4,0,.374,100,CIN,63843faa972915bc12d38e0d
13,3,340,.224,28,34,0,92,76,7,28,.306,.832,Byron Buxton,OF,61,51,6,1,0,.526,116,MIN,63843faa972915bc12d38e0e
16,1,338,.222,29,37,0,98,75,7,8,.311,.657,Brian Anderson,3B,43,28,1,1,0,.346,101,MIA,63843faa972915bc12d38e0f
18,2,336,.274,28,24,3,89,92,2,4,.325,.700,Manuel Margot,OF,36,47,7,1,0,.375,68,TB,63843faa972915bc12d38e10
16,0,335,.272,33,33,0,90,91,0,8,.336,.727,Eric Hosmer,1B,32,40,0,1,0,.391,55,SD,63843faa972915bc12d38e11
12,1,335,.248,29,15,1,115,83,2,11,.283,.671,Jose Trevino,C,39,43,2,1,0,.388,62,NYY,63843faa972915bc12d38e12
14,1,334,.278,24,39,0,97,93,1,20,.354,.860,William Contreras,C,51,45,2,2,0,.506,104,ATL,63843faa972915bc12d38e13
11,1,334,.228,27,38,4,96,76,4,14,.308,.700,"Tyler O'Neill",OF,56,58,14,7,0,.392,103,STL,63843faa972915bc12d38e14
12,1,333,.180,31,38,0,102,60,2,9,.267,.570,Max Stassi,C,32,30,0,1,1,.303,112,LAA,63843faa972915bc12d38e15
13,0,332,.301,29,14,0,79,100,5,6,.339,.734,Tim Anderson,SS,50,25,13,0,0,.395,55,CWS,63843faa972915bc12d38e16
16,0,331,.205,23,44,1,111,68,4,20,.304,.739,Isaac Paredes,3B,48,45,0,2,0,.435,67,TB,63843faa972915bc12d38e17
13,4,331,.233,24,28,4,87,77,1,17,.294,.744,Oneil Cruz,SS,45,54,10,1,0,.450,126,PIT,63843faa972915bc12d38e18
20,0,329,.252,25,19,0,115,83,2,13,.294,.726,Bryan De La Cruz,OF,38,43,4,4,0,.432,90,MIA,63843faa972915bc12d38e19
7,0,327,.202,34,45,0,99,66,2,5,.301,.570,Yasmani Grandal,C,15,27,1,2,0,.269,79,CWS,63843faa972915bc12d38e1a
11,0,326,.202,24,41,2,106,66,4,19,.298,.709,Jack Suwinski,OF,45,38,4,1,0,.411,114,PIT,63843faa972915bc12d38e1b
12,2,325,.246,26,23,4,117,80,3,6,.297,.648,Matt Vierling,OF,41,32,7,6,0,.351,70,PHI,63843faa972915bc12d38e1c
13,1,324,.185,25,22,0,109,60,2,10,.239,.563,Abraham Toro,3B,36,35,2,4,0,.324,65,SEA,63843faa972915bc12d38e1d
17,1,323,.254,29,24,0,110,82,1,14,.305,.748,Eric Haase,C,41,44,0,3,0,.443,97,DET,63843faa972915bc12d38e1e
8,0,322,.196,28,15,1,125,63,3,9,.236,.540,Andrew Velazquez,SS,37,28,17,3,6,.304,119,LAA,63843faa972915bc12d38e1f
18,1,322,.205,39,44,0,91,66,10,11,.319,.689,Joey Votto,1B,31,41,0,0,0,.370,97,CIN,63843faa972915bc12d38e20
16,3,321,.283,25,23,3,99,91,6,8,.342,.769,Jake McCarthy,OF,53,43,23,1,3,.427,76,ARI,63843faa972915bc12d38e21
9,2,317,.215,27,29,0,117,68,3,12,.283,.652,Bobby Dalbec,1B,40,39,3,4,0,.369,118,BOS,63843faa972915bc12d38e22
18,0,317,.211,28,29,0,104,67,4,7,.282,.616,Carson Kelly,C,40,35,2,4,0,.334,71,ARI,63843faa972915bc12d38e23
14,1,316,.241,31,44,7,118,76,2,7,.331,.689,Rafael Ortega,OF,35,35,12,7,1,.358,74,CHC,63843faa972915bc12d38e24
19,3,315,.254,28,13,2,92,80,4,3,.289,.651,Victor Reyes,OF,27,34,2,4,0,.362,77,DET,63843faa972915bc12d38e25
14,2,314,.261,24,21,5,99,82,2,5,.309,.675,Leody Taveras,OF,39,34,11,3,1,.366,88,TEX,63843faa972915bc12d38e26
20,3,314,.277,21,26,0,83,87,0,6,.328,.745,Wander Franco,SS,46,33,8,4,0,.417,33,TB,63843faa972915bc12d38e27
14,3,313,.214,25,26,0,98,67,3,13,.280,.683,Jesus Sanchez,OF,38,36,1,1,0,.403,92,MIA,63843faa972915bc12d38e28
12,1,311,.238,23,32,1,122,74,2,2,.313,.615,Gilberto Celestino,OF,30,24,4,0,2,.302,77,MIN,63843faa972915bc12d38e29
17,2,311,.254,27,30,2,98,79,4,4,.323,.683,Luis Gonzalez,OF,31,36,10,5,0,.360,75,SF,63843faa972915bc12d38e2a
14,0,307,.270,42,28,2,109,83,10,24,.345,.895,Albert Pujols,1B,42,68,1,6,0,.550,55,STL,63843faa972915bc12d38e2b
16,0,305,.269,35,19,1,94,82,1,9,.312,.722,Yadiel Hernandez,OF,30,41,2,2,0,.410,74,WAS,63843faa972915bc12d38e2c
13,0,305,.243,32,18,1,92,74,2,12,.287,.690,Aledmys Diaz,3B,35,38,1,2,0,.403,53,HOU,63843faa972915bc12d38e2d
8,0,300,.210,31,7,0,97,63,3,3,.233,.500,Leury Garcia,2B,38,20,2,3,2,.267,65,CWS,63843faa972915bc12d38e2e
13,0,299,.207,24,19,2,100,62,1,4,.256,.547,Nick Allen,SS,31,19,3,1,6,.291,64,OAK,63843faa972915bc12d38e2f
18,0,298,.225,31,39,1,82,67,3,13,.317,.733,Luke Voit,1B,38,48,1,4,0,.416,110,SD,63843faa972915bc12d38e30
12,1,297,.273,28,34,0,102,81,2,2,.351,.691,Luis Guillorme,3B,33,17,1,0,2,.340,46,NYM,63843faa972915bc12d38e31
4,0,294,.163,30,25,0,105,48,6,7,.241,.489,Austin Hedges,C,26,30,2,3,10,.248,78,CLE,63843faa972915bc12d38e32
20,0,294,.282,32,18,2,84,83,3,8,.327,.759,Christian Vazquez,C,33,42,1,3,0,.432,51,BOS,63843faa972915bc12d38e33
12,0,292,.295,26,28,0,84,86,3,16,.358,.858,Eloy Jimenez,OF,40,54,0,4,0,.500,72,CWS,63843faa972915bc12d38e34
9,2,292,.226,24,22,2,93,66,3,8,.284,.637,Brandon Marsh,OF,34,37,8,3,3,.353,117,LAA,63843faa972915bc12d38e35
16,3,290,.228,25,51,1,108,66,1,14,.340,.788,Lars Nootbaar,OF,53,40,4,5,0,.448,71,STL,63843faa972915bc12d38e36
22,0,289,.242,27,7,0,93,70,2,6,.264,.645,Francisco Mejia,C,32,31,0,1,0,.381,65,TB,63843faa972915bc12d38e37
18,2,288,.274,29,16,2,78,79,2,2,.316,.688,Kevin Newman,SS,31,24,8,1,2,.372,48,PIT,63843faa972915bc12d38e38
14,2,288,.236,32,33,1,113,68,2,8,.316,.698,Jace Peterson,2B,44,34,12,3,2,.382,85,MIL,63843faa972915bc12d38e39
16,1,287,.213,34,21,2,86,61,5,12,.276,.677,Adam Duvall,OF,39,36,0,2,0,.401,101,ATL,63843faa972915bc12d38e3a
15,0,284,.239,28,14,0,98,68,1,3,.276,.600,Tomas Nido,C,31,28,0,2,12,.324,76,NYM,63843faa972915bc12d38e3b
13,0,283,.226,22,28,0,89,64,2,14,.300,.720,Nolan Gorman,3B,44,35,1,0,0,.420,103,STL,63843faa972915bc12d38e3c
10,0,281,.221,31,25,0,94,62,1,1,.287,.554,Tucker Barnhart,C,16,16,0,0,1,.267,74,DET,63843faa972915bc12d38e3d
17,1,281,.267,33,12,0,97,75,2,6,.300,.699,Corey Dickerson,OF,28,36,0,2,0,.399,48,STL,63843faa972915bc12d38e3e
16,1,280,.286,27,13,1,87,80,3,6,.322,.736,Christian Arroyo,2B,32,36,5,2,2,.414,49,BOS,63843faa972915bc12d38e3f
19,2,278,.248,35,27,2,87,69,2,12,.316,.776,David Peralta,OF,29,41,1,3,0,.460,74,ARI,63843faa972915bc12d38e40
16,0,278,.284,34,19,0,80,79,5,4,.339,.724,Donovan Solano,2B,22,24,0,2,0,.385,61,CIN,63843faa972915bc12d38e41
12,0,277,.235,35,8,0,86,65,3,8,.260,.625,Yan Gomes,C,23,31,2,4,1,.365,47,CHC,63843faa972915bc12d38e42
15,2,277,.264,29,40,1,125,73,6,7,.366,.774,Austin Slater,OF,49,34,12,2,0,.408,89,SF,63843faa972915bc12d38e43
13,1,273,.205,33,38,1,83,56,6,2,.313,.595,Robbie Grossman,OF,24,23,3,3,0,.282,90,DET,63843faa972915bc12d38e44
12,0,272,.199,29,31,0,96,54,9,9,.300,.642,Victor Caratini,C,26,34,0,1,1,.342,67,MIL,63843faa972915bc12d38e45
19,1,271,.210,32,17,3,92,57,0,3,.257,.578,Jackie Bradley,OF,21,29,2,0,2,.321,58,BOS,63843faa972915bc12d38e46
4,2,271,.214,27,20,1,89,58,2,4,.273,.561,Sheldon Neuse,2B,25,26,6,0,0,.288,80,OAK,63843faa972915bc12d38e47
11,0,271,.229,30,19,0,75,62,0,8,.277,.635,Frank Schwindel,1B,23,36,0,2,0,.358,58,CHC,63843faa972915bc12d38e48
13,0,270,.207,30,31,2,72,56,3,13,.295,.695,Jorge Soler,OF,32,34,0,1,0,.400,90,MIA,63843faa972915bc12d38e49
12,2,269,.223,23,11,2,88,60,4,8,.263,.635,Jo Adell,OF,22,27,4,1,0,.372,108,LAA,63843faa972915bc12d38e4a
9,0,268,.216,36,40,0,90,58,5,11,.328,.701,Darin Ruf,OF,46,38,2,1,0,.373,85,SF,63843faa972915bc12d38e4b
13,0,266,.244,37,27,0,89,65,2,14,.315,.766,Evan Longoria,3B,31,42,0,3,0,.451,83,SF,63843faa972915bc12d38e4c
9,0,263,.213,27,14,0,70,56,1,9,.254,.604,Franmil Reyes,DH,24,28,2,2,0,.350,104,CLE,63843faa972915bc12d38e4d
12,1,262,.206,30,29,0,84,54,3,4,.292,.597,Omar Narvaez,C,21,23,0,1,1,.305,57,MIL,63843faa972915bc12d38e4e
13,0,262,.206,25,14,1,96,54,3,11,.251,.633,Diego Castillo,SS,28,29,1,4,0,.382,75,PIT,63843faa972915bc12d38e4f
8,0,262,.214,40,5,0,80,56,2,5,.233,.535,Yadier Molina,C,19,24,2,1,0,.302,40,STL,63843faa972915bc12d38e50
6,0,261,.215,25,26,1,97,56,4,11,.296,.660,Joey Bart,C,34,25,2,0,0,.364,112,SF,63843faa972915bc12d38e51
15,0,261,.261,31,21,1,77,68,1,7,.315,.713,Wil Myers,OF,29,41,2,3,0,.398,86,SD,63843faa972915bc12d38e52
10,0,260,.215,27,26,1,97,56,6,4,.301,.601,Andrew Knizner,C,28,25,0,0,1,.300,62,STL,63843faa972915bc12d38e53
13,0,259,.197,28,17,3,80,51,0,10,.246,.609,Aristides Aquino,OF,24,30,2,0,0,.363,101,CIN,63843faa972915bc12d38e54
10,0,258,.295,25,35,0,72,76,3,10,.383,.833,Vinnie Pasquantino,1B,25,26,1,2,0,.450,34,KC,63843faa972915bc12d38e55
18,1,257,.202,27,38,0,97,52,6,6,.318,.668,Cavan Biggio,3B,43,24,2,1,1,.350,85,TOR,63843faa972915bc12d38e56
14,0,256,.246,29,11,0,82,63,4,7,.285,.668,Jorge Alfaro,C,25,40,1,3,0,.383,98,SD,63843faa972915bc12d38e57
10,4,256,.211,25,16,6,106,54,3,5,.264,.604,Kyle Isbel,OF,32,28,9,2,1,.340,75,KC,63843faa972915bc12d38e58
8,0,255,.192,36,35,0,79,49,2,15,.293,.693,Carlos Santana,1B,35,39,0,2,0,.400,60,SEA,63843faa972915bc12d38e59
9,1,254,.213,34,37,0,78,54,6,8,.326,.676,Brandon Belt,1B,25,23,1,1,0,.350,81,SF,63843faa972915bc12d38e5a
13,0,253,.253,24,16,0,76,64,1,12,.296,.743,Juan Yepez,1B,27,30,0,4,0,.447,61,STL,63843faa972915bc12d38e5b
8,4,253,.233,23,22,3,71,59,2,11,.299,.726,Rodolfo Castro,2B,25,27,5,1,0,.427,74,PIT,63843faa972915bc12d38e5c
12,0,252,.214,34,24,0,78,54,6,7,.295,.640,Mike Moustakas,3B,30,25,2,3,0,.345,75,CIN,63843faa972915bc12d38e5d
5,2,251,.235,26,29,1,101,59,4,3,.322,.629,Alfonso Rivas,1B,27,25,6,2,1,.307,87,CHC,63843faa972915bc12d38e5e
12,1,250,.212,31,17,0,80,53,0,5,.259,.587,Eddie Rosario,OF,27,24,3,3,0,.328,68,ATL,63843faa972915bc12d38e5f
16,0,247,.247,25,16,5,64,61,2,8,.294,.703,Ozzie Albies,2B,36,35,3,4,0,.409,47,ATL,63843faa972915bc12d38e60
7,3,246,.256,28,13,2,72,63,4,5,.303,.673,Harrison Bader,OF,35,21,15,1,0,.370,47,STL,63843faa972915bc12d38e61
13,1,245,.224,30,11,4,119,55,4,2,.269,.579,Adam Engel,OF,32,17,12,0,0,.310,76,CWS,63843faa972915bc12d38e62
9,0,245,.220,26,28,0,75,54,1,9,.300,.667,Pavin Smith,1B,24,33,1,3,0,.367,67,ARI,63843faa972915bc12d38e63
10,1,244,.246,31,26,0,92,60,1,3,.320,.652,Matt Reynolds,3B,31,23,5,1,0,.332,78,CIN,63843faa972915bc12d38e64
14,1,243,.288,35,31,1,64,70,1,5,.370,.786,Michael Brantley,OF,28,26,1,1,1,.416,30,HOU,63843faa972915bc12d38e65
17,1,242,.219,28,28,1,84,53,1,8,.300,.697,Franchy Cordero,OF,36,29,4,2,2,.397,92,BOS,63843faa972915bc12d38e66
5,2,241,.166,24,15,2,91,40,1,3,.218,.459,Cristian Pache,OF,18,18,2,0,3,.241,70,OAK,63843faa972915bc12d38e67
10,1,237,.228,29,40,0,75,54,0,12,.338,.768,Daniel Vogelbach,1B,29,34,0,1,0,.430,67,PIT,63843faa972915bc12d38e68
10,2,235,.221,28,27,0,65,52,3,8,.308,.691,Brandon Lowe,2B,31,25,1,1,0,.383,61,TB,63843faa972915bc12d38e69
8,1,234,.226,26,23,2,80,53,8,14,.316,.765,Keston Hiura,1B,34,32,5,1,0,.449,111,MIL,63843faa972915bc12d38e6a
4,1,233,.159,29,40,0,82,37,0,12,.282,.621,Joey Gallo,OF,32,24,2,0,0,.339,106,NYY,63843faa972915bc12d38e6b
7,0,229,.227,32,12,1,83,52,1,10,.264,.653,Kyle Higashioka,C,27,31,0,4,2,.389,52,NYY,63843faa972915bc12d38e6c
8,0,228,.250,31,17,0,77,57,2,2,.308,.619,Matt Duffy,3B,14,16,0,0,0,.311,50,LAA,63843faa972915bc12d38e6d
10,5,225,.240,27,20,2,72,54,7,8,.314,.750,TJ Friedl,OF,33,25,7,6,0,.436,40,CIN,63843faa972915bc12d38e6e
8,0,224,.246,31,20,0,57,55,1,11,.308,.737,Mitch Haniger,OF,31,34,0,2,0,.429,65,SEA,63843faa972915bc12d38e6f
12,0,223,.220,29,25,1,73,49,2,1,.300,.587,Vimael Machin,3B,26,13,1,3,0,.287,47,OAK,63843faa972915bc12d38e70
14,0,222,.324,30,15,0,56,72,1,13,.367,.930,Joey Meneses,1B,33,34,1,2,0,.563,52,WAS,63843faa972915bc12d38e71
3,0,222,.212,33,18,2,81,47,0,7,.270,.590,Brad Miller,1B,20,32,4,1,0,.320,70,TEX,63843faa972915bc12d38e72
7,1,217,.207,28,26,0,77,45,5,8,.305,.664,LaMonte Wade,OF,29,26,1,1,2,.359,51,SF,63843faa972915bc12d38e73
6,1,217,.230,26,18,3,72,50,5,9,.304,.696,Nick Fortes,C,41,24,5,0,0,.392,45,MIA,63843faa972915bc12d38e74
9,0,216,.259,27,26,1,68,56,3,12,.344,.812,Jake Fraley,OF,33,28,4,2,0,.468,54,CIN,63843faa972915bc12d38e75
9,1,216,.255,28,7,0,61,55,3,2,.288,.621,David Fletcher,2B,20,17,1,0,2,.333,16,LAA,63843faa972915bc12d38e76
10,0,215,.260,27,25,0,72,56,3,15,.339,.855,Danny Jansen,C,34,44,1,5,0,.516,44,TOR,63843faa972915bc12d38e77
10,1,215,.223,28,17,2,64,48,1,5,.282,.631,Albert Almora,OF,26,29,3,1,1,.349,46,CIN,63843faa972915bc12d38e78
12,0,214,.234,34,14,1,53,50,6,6,.298,.672,Tommy Pham,OF,32,24,1,1,0,.374,67,BOS,63843faa972915bc12d38e79
9,4,214,.210,32,13,0,63,45,3,1,.263,.567,Didi Gregorius,SS,17,19,1,2,0,.304,36,PHI,63843faa972915bc12d38e7a
10,4,213,.254,24,21,5,60,54,3,14,.325,.860,Jazz Chisholm,2B,39,45,12,3,0,.535,66,MIA,63843faa972915bc12d38e7b
5,0,213,.197,25,28,3,73,42,7,2,.307,.556,Josh Smith,2B,23,16,4,3,2,.249,50,TEX,63843faa972915bc12d38e7c
10,1,212,.208,25,23,0,67,44,0,7,.285,.648,Ryan Jeffers,C,25,27,0,0,1,.363,62,MIN,63843faa972915bc12d38e7d
11,0,212,.226,23,18,1,69,48,0,5,.286,.635,Cal Mitchell,OF,21,17,3,1,1,.349,52,PIT,63843faa972915bc12d38e7e
9,0,210,.157,29,21,2,77,33,4,6,.245,.531,Paul DeJong,SS,19,25,3,2,0,.286,79,STL,63843faa972915bc12d38e7f
9,0,209,.244,28,21,0,68,51,2,9,.316,.732,Orlando Arcia,OF,25,30,0,2,0,.416,51,ATL,63843faa972915bc12d38e80
7,0,209,.249,25,14,1,59,52,3,0,.305,.587,Nick Madrigal,2B,19,7,3,0,2,.282,27,CHC,63843faa972915bc12d38e81
10,1,208,.236,23,12,1,58,49,0,5,.277,.642,Ezequiel Duran,2B,25,25,4,0,0,.365,54,TEX,63843faa972915bc12d38e82
8,0,206,.228,32,14,1,63,47,1,7,.281,.650,Kevin Kiermaier,OF,28,22,6,0,0,.369,61,TB,63843faa972915bc12d38e83
14,1,205,.268,31,30,0,74,55,2,13,.364,.901,Trayce Thompson,OF,35,39,4,2,0,.537,86,LAD,63843faa972915bc12d38e84
5,0,205,.176,29,25,1,83,36,3,11,.274,.635,Jordan Luplow,OF,26,28,5,1,0,.361,60,ARI,63843faa972915bc12d38e85
11,2,205,.224,30,34,8,104,46,13,6,.368,.753,Dylan Moore,2B,41,24,21,1,1,.385,75,SEA,63843faa972915bc12d38e86
10,2,204,.167,25,30,1,65,34,2,5,.277,.586,JJ Bleday,OF,21,16,4,2,0,.309,67,MIA,63843faa972915bc12d38e87
14,3,204,.221,26,14,1,58,45,4,3,.283,.646,Jarren Duran,OF,23,17,7,1,0,.363,63,BOS,63843faa972915bc12d38e88
4,0,202,.228,31,16,0,53,46,4,9,.295,.676,Luke Voit,1B,17,21,0,2,0,.381,69,WAS,63843faa972915bc12d38e89
9,3,202,.257,26,12,6,98,52,0,0,.298,.630,Jose Azocar,OF,24,10,5,1,1,.332,44,SD,63843faa972915bc12d38e8a
3,2,201,.204,24,24,6,73,41,0,2,.289,.558,Akil Baddoo,OF,30,9,9,0,0,.269,64,DET,63843faa972915bc12d38e8b
11,1,201,.229,29,22,0,74,46,2,6,.310,.693,P.J. Higgins,C,23,30,0,1,3,.383,58,CHC,63843faa972915bc12d38e8c
7,3,199,.211,28,21,2,90,42,1,2,.287,.594,Garrett Hampson,2B,29,15,12,2,3,.307,63,COL,63843faa972915bc12d38e8d
8,3,198,.237,26,11,0,63,47,2,6,.284,.683,Emmanuel Rivera,3B,24,22,0,0,0,.399,46,KC,63843faa972915bc12d38e8e
8,0,197,.208,28,12,3,83,41,1,3,.254,.548,Mauricio Dubon,2B,21,16,2,3,3,.294,26,HOU,63843faa972915bc12d38e8f
9,0,195,.179,38,19,0,67,35,4,4,.265,.552,Robinson Chirinos,C,10,22,1,1,1,.287,67,BAL,63843faa972915bc12d38e90
7,0,188,.207,31,23,1,54,39,2,10,.298,.702,Mitch Garver,C,23,24,1,2,0,.404,53,TEX,63843faa972915bc12d38e91
12,2,187,.246,31,13,2,56,46,3,7,.305,.749,Tyler Naquin,OF,29,33,3,0,1,.444,53,CIN,63843faa972915bc12d38e92
4,1,187,.203,27,13,0,62,38,2,6,.261,.593,Brian Serven,C,19,16,0,1,2,.332,44,COL,63843faa972915bc12d38e93
13,0,186,.280,31,5,1,53,52,3,3,.308,.706,Ildemaro Vargas,2B,15,19,3,1,1,.398,21,WAS,63843faa972915bc12d38e94
9,1,185,.238,30,11,0,62,44,0,5,.279,.657,Odubel Herrera,OF,23,21,6,1,0,.378,42,PHI,63843faa972915bc12d38e95
7,3,185,.205,23,19,2,77,38,2,6,.286,.659,Nelson Velazquez,OF,20,26,5,0,0,.373,65,CHC,63843faa972915bc12d38e96
7,0,184,.185,33,14,0,86,34,4,6,.255,.576,Marwin Gonzalez,2B,20,18,3,2,3,.321,54,NYY,63843faa972915bc12d38e97
4,0,184,.147,28,16,0,75,27,3,5,.225,.475,Brett Phillips,OF,21,14,7,1,4,.250,85,TB,63843faa972915bc12d38e98
8,1,182,.236,24,44,0,52,43,1,6,.388,.778,Juan Soto,OF,31,16,0,0,0,.390,34,SD,63843faa972915bc12d38e99
10,0,181,.221,31,19,0,76,40,3,3,.301,.627,Luke Maile,C,19,17,0,3,0,.326,54,CLE,63843faa972915bc12d38e9a
12,2,181,.221,24,15,0,52,40,1,2,.284,.627,Josh Lowe,OF,24,13,3,0,1,.343,66,TB,63843faa972915bc12d38e9b
8,1,181,.238,29,20,1,66,43,4,4,.324,.683,J.D. Davis,3B,26,21,1,2,0,.359,66,NYM,63843faa972915bc12d38e9c
8,0,181,.271,34,9,0,43,49,1,9,.309,.773,Elvis Andrus,SS,25,28,11,0,0,.464,30,CWS,63843faa972915bc12d38e9d
14,0,180,.239,33,11,0,60,43,1,2,.282,.632,Tommy La Stella,2B,17,14,0,3,0,.350,30,SF,63843faa972915bc12d38e9e
6,0,179,.212,32,27,1,62,38,3,8,.324,.704,Austin Barnes,C,31,26,2,1,2,.380,37,LAD,63843faa972915bc12d38e9f
14,0,178,.270,29,19,0,61,48,3,2,.347,.729,Seby Zavala,C,22,21,0,2,3,.382,64,CWS,63843faa972915bc12d38ea0
5,0,177,.192,30,32,0,53,34,0,3,.316,.587,Josh Bell,1B,26,14,0,0,0,.271,41,SD,63843faa972915bc12d38ea1
9,1,176,.256,28,18,1,83,45,4,5,.335,.738,Sam Haggerty,OF,29,23,13,2,1,.403,53,SEA,63843faa972915bc12d38ea2
15,1,176,.233,24,8,0,53,41,1,6,.270,.702,Elehuris Montero,3B,21,20,0,0,0,.432,60,COL,63843faa972915bc12d38ea3
8,3,176,.176,27,23,1,66,31,1,3,.274,.581,Cooper Hummel,OF,20,17,4,1,0,.307,64,ARI,63843faa972915bc12d38ea4
10,0,176,.216,36,36,0,52,38,0,4,.349,.690,Carlos Santana,1B,17,21,0,0,0,.341,28,KC,63843faa972915bc12d38ea5
8,2,175,.234,27,16,1,48,41,1,5,.301,.690,Franmil Reyes,DH,19,19,0,1,0,.389,53,CHC,63843faa972915bc12d38ea6
6,0,174,.195,32,11,0,61,34,4,3,.257,.539,James McCann,C,19,18,3,2,0,.282,46,NYM,63843faa972915bc12d38ea7
6,1,174,.184,28,23,1,70,32,1,2,.280,.544,Sam Hilliard,OF,26,14,5,2,0,.264,57,COL,63843faa972915bc12d38ea8
9,1,173,.243,24,9,0,52,42,8,4,.307,.683,Michael Massey,2B,16,17,3,2,2,.376,46,KC,63843faa972915bc12d38ea9
5,2,171,.187,27,19,0,67,32,0,3,.266,.558,Josh VanMeter,2B,15,14,4,2,0,.292,45,PIT,63843faa972915bc12d38eaa
8,1,170,.241,26,10,0,71,41,1,6,.283,.689,Sergio Alcantara,SS,23,26,1,3,2,.406,45,ARI,63843faa972915bc12d38eab
5,0,170,.265,24,7,3,55,45,2,1,.302,.614,Bubba Thompson,OF,18,9,18,0,2,.312,56,TEX,63843faa972915bc12d38eac
4,0,170,.171,31,19,0,50,29,0,2,.249,.478,Yoshi Tsutsugo,1B,11,19,0,4,0,.229,50,PIT,63843faa972915bc12d38ead
11,0,169,.249,31,10,1,56,42,2,4,.298,.683,Christian Bethancourt,C,23,19,4,0,1,.385,41,OAK,63843faa972915bc12d38eae
4,1,168,.161,38,17,0,70,27,2,7,.241,.562,Stephen Vogt,C,18,23,1,4,0,.321,46,OAK,63843faa972915bc12d38eaf
9,0,168,.238,30,9,1,46,40,4,8,.290,.725,Brandon Drury,3B,25,28,0,2,0,.435,42,SD,63843faa972915bc12d38eb0
9,1,168,.250,26,10,0,51,42,3,8,.302,.760,Jake Burger,3B,20,26,0,1,1,.458,56,CWS,63843faa972915bc12d38eb1
5,0,167,.180,38,15,0,50,30,0,3,.245,.508,Jed Lowrie,2B,14,16,1,2,0,.263,39,OAK,63843faa972915bc12d38eb2
9,0,166,.241,27,11,1,56,40,1,4,.292,.659,Jose Siri,OF,35,14,8,0,0,.367,60,TB,63843faa972915bc12d38eb3
9,0,166,.319,26,12,0,50,53,3,6,.372,.854,Tyler Stephenson,C,24,35,1,2,0,.482,47,CIN,63843faa972915bc12d38eb4
10,0,166,.229,32,23,0,47,38,2,5,.326,.706,Anthony Rendon,3B,15,24,2,2,0,.380,35,LAA,63843faa972915bc12d38eb5
7,0,165,.176,30,18,0,51,29,1,8,.258,.622,Trey Mancini,1B,17,22,0,2,0,.364,49,HOU,63843faa972915bc12d38eb6
3,0,165,.152,24,9,1,48,25,0,2,.195,.401,Jose Barrero,SS,13,10,4,0,0,.206,76,CIN,63843faa972915bc12d38eb7
7,3,164,.213,29,11,0,54,35,0,5,.260,.644,Jake Cave,OF,17,20,2,2,0,.384,49,MIN,63843faa972915bc12d38eb8
5,1,163,.141,23,16,2,54,23,1,7,.221,.534,Jarred Kelenic,OF,20,17,5,1,0,.313,61,SEA,63843faa972915bc12d38eb9
7,0,162,.259,31,10,0,66,42,3,3,.313,.671,Austin Wynns,C,14,21,0,1,1,.358,38,SF,63843faa972915bc12d38eba
4,0,162,.204,26,19,0,58,33,4,1,.301,.548,Jonah Bride,1B,17,6,1,1,1,.247,32,OAK,63843faa972915bc12d38ebb
8,0,161,.286,26,10,3,53,46,2,4,.333,.743,Edward Olivares,OF,24,15,2,1,0,.410,36,KC,63843faa972915bc12d38ebc
11,1,161,.255,35,14,1,47,41,2,0,.317,.652,David Peralta,OF,10,18,0,3,0,.335,40,TB,63843faa972915bc12d38ebd
4,0,160,.169,26,11,0,58,27,1,5,.224,.512,Lewin Diaz,1B,12,11,1,2,0,.288,54,MIA,63843faa972915bc12d38ebe
12,0,160,.306,30,17,0,42,49,2,5,.376,.851,Kris Bryant,3B,28,14,0,2,0,.475,27,COL,63843faa972915bc12d38ebf
13,0,160,.231,25,18,0,51,37,0,5,.306,.712,Trevor Larnach,OF,22,18,0,2,0,.406,57,MIN,63843faa972915bc12d38ec0
6,2,160,.206,23,10,1,49,33,1,2,.256,.562,Tucupita Marcano,2B,18,13,2,1,5,.306,44,PIT,63843faa972915bc12d38ec1
7,2,159,.258,22,1,2,44,41,3,0,.276,.603,CJ Abrams,SS,17,10,6,0,0,.327,23,WAS,63843faa972915bc12d38ec2
8,0,159,.264,27,10,0,55,42,2,2,.316,.668,Nomar Mazara,OF,16,18,0,0,0,.352,40,SD,63843faa972915bc12d38ec3
9,1,158,.184,24,19,0,49,29,1,7,.271,.657,Nick Pratto,1B,18,20,0,3,1,.386,66,KC,63843faa972915bc12d38ec4
4,0,157,.197,25,20,0,58,31,4,2,.299,.560,Tyler Nevin,1B,17,16,0,3,0,.261,46,BAL,63843faa972915bc12d38ec5
8,0,157,.217,31,14,0,61,34,2,1,.287,.574,Kevin Plawecki,C,15,12,0,1,1,.287,28,BOS,63843faa972915bc12d38ec6
9,2,156,.244,30,3,1,73,38,0,2,.258,.623,Hanser Alberto,2B,13,15,0,0,0,.365,25,LAD,63843faa972915bc12d38ec7
10,0,156,.237,25,11,1,105,37,2,2,.294,.634,Ryan McKenna,OF,23,11,2,1,2,.340,55,BAL,63843faa972915bc12d38ec8
10,0,156,.263,26,12,2,48,41,1,4,.320,.724,Charles Leblanc,3B,18,11,4,0,0,.404,53,MIA,63843faa972915bc12d38ec9
6,1,156,.231,25,18,1,52,36,6,9,.331,.786,David Villar,3B,21,24,0,1,0,.455,58,SF,63843faa972915bc12d38eca
6,3,155,.206,27,13,0,47,32,1,4,.272,.633,Zach McKinstry,2B,17,12,7,0,2,.361,48,CHC,63843faa972915bc12d38ecb
6,0,155,.213,27,9,2,57,33,2,1,.265,.536,Jason Delay,C,17,11,0,0,1,.271,50,PIT,63843faa972915bc12d38ecc
8,1,154,.247,23,15,2,44,38,0,6,.312,.741,Oswaldo Cabrera,2B,21,19,3,1,1,.429,44,NYY,63843faa972915bc12d38ecd
11,0,153,.307,31,15,1,57,47,6,6,.384,.881,Rob Refsnyder,OF,25,21,1,3,0,.497,46,BOS,63843faa972915bc12d38ece
6,2,153,.222,31,11,0,46,34,0,2,.271,.598,Jonathan Villar,3B,19,15,6,2,0,.327,42,CHC,63843faa972915bc12d38ecf
3,0,152,.237,28,13,0,52,36,0,3,.297,.613,Johan Camargo,2B,8,15,0,0,1,.316,37,PHI,63843faa972915bc12d38ed0
2,0,151,.225,26,12,0,57,34,1,3,.283,.581,Luis Torrens,C,13,15,0,2,0,.298,50,SEA,63843faa972915bc12d38ed1
9,0,151,.225,27,6,0,53,34,2,0,.261,.546,Reese McGuire,C,12,10,0,2,5,.285,33,CWS,63843faa972915bc12d38ed2
6,2,150,.227,26,7,1,52,34,2,1,.269,.582,Jake Meyers,OF,13,15,2,1,0,.313,54,HOU,63843faa972915bc12d38ed3
3,0,150,.233,30,8,0,66,35,3,9,.284,.717,Kyle Garlick,OF,23,18,0,1,0,.433,48,MIN,63843faa972915bc12d38ed4
6,0,149,.255,31,2,0,45,38,0,7,.265,.701,Christian Bethancourt,C,16,15,1,0,0,.436,39,TB,63843faa972915bc12d38ed5
9,0,149,.255,29,33,0,55,38,1,6,.393,.829,Daniel Vogelbach,1B,18,25,0,0,0,.436,47,NYM,63843faa972915bc12d38ed6
5,0,147,.163,24,12,5,52,24,1,3,.228,.487,Vidal Brujan,2B,13,16,5,2,0,.259,37,TB,63843faa972915bc12d38ed7
5,0,147,.218,28,10,5,67,32,1,1,.272,.544,Tyler Wade,3B,22,8,8,0,5,.272,33,LAA,63843faa972915bc12d38ed8
3,0,145,.200,26,11,1,64,29,2,0,.264,.485,Ernie Clement,2B,18,6,0,1,2,.221,24,CLE,63843faa972915bc12d38ed9
5,1,145,.262,26,9,1,61,38,2,1,.314,.645,Alejo Lopez,2B,15,10,3,0,0,.331,21,CIN,63843faa972915bc12d38eda
5,0,145,.179,36,8,2,43,26,2,1,.231,.465,Lorenzo Cain,OF,17,9,2,1,0,.234,36,MIL,63843faa972915bc12d38edb
7,0,144,.250,25,5,0,45,36,4,3,.290,.651,Alex Kirilloff,1B,14,21,0,2,0,.361,36,MIN,63843faa972915bc12d38edc
4,0,142,.176,26,12,1,48,25,1,5,.245,.555,Riley Adams,C,14,10,0,0,0,.310,46,WAS,63843faa972915bc12d38edd
6,0,142,.211,31,8,0,52,30,5,0,.277,.531,Tyler Heineman,C,14,8,1,0,3,.254,13,PIT,63843faa972915bc12d38ede
10,1,142,.218,25,9,0,40,31,0,6,.261,.691,Shea Langeliers,C,14,22,0,2,0,.430,53,OAK,63843faa972915bc12d38edf
5,0,141,.255,28,14,0,70,36,5,6,.344,.762,Mike Brosseau,2B,15,23,2,0,0,.418,48,MIL,63843faa972915bc12d38ee0
6,0,141,.291,21,11,2,41,41,3,5,.353,.793,Vaughn Grissom,SS,24,18,5,1,0,.440,34,ATL,63843faa972915bc12d38ee1
4,0,139,.180,39,15,0,51,25,2,4,.266,.561,Kurt Suzuki,C,10,15,0,2,1,.295,29,LAA,63843faa972915bc12d38ee2
9,1,139,.180,26,7,0,47,25,0,2,.216,.518,Kevin Smith,SS,9,13,4,2,3,.302,42,OAK,63843faa972915bc12d38ee3
6,0,138,.217,33,18,1,46,30,0,5,.306,.676,Robbie Grossman,OF,16,22,3,1,0,.370,39,ATL,63843faa972915bc12d38ee4
8,0,137,.263,29,19,0,49,36,2,8,.361,.857,J.D. Davis,3B,20,14,0,0,0,.496,56,SF,63843faa972915bc12d38ee5
5,1,137,.204,33,11,0,48,28,3,1,.278,.555,Jason Heyward,OF,15,10,1,0,0,.277,32,CHC,63843faa972915bc12d38ee6
8,1,136,.250,27,5,0,42,34,1,9,.282,.804,Darick Hall,1B,19,16,0,0,0,.522,44,PHI,63843faa972915bc12d38ee7
4,2,135,.178,27,9,1,48,24,2,3,.238,.542,Jose Siri,OF,18,10,6,1,0,.304,48,HOU,63843faa972915bc12d38ee8
6,1,134,.239,29,8,0,67,32,2,1,.290,.611,"Ryan O'Hearn",1B,14,16,0,1,0,.321,35,KC,63843faa972915bc12d38ee9
10,1,134,.194,27,12,0,58,26,4,0,.276,.560,Dominic Smith,OF,11,17,0,2,0,.284,37,NYM,63843faa972915bc12d38eea
9,2,132,.288,24,6,2,41,38,0,3,.319,.774,Brandon Marsh,OF,15,15,2,0,0,.455,41,PHI,63843faa972915bc12d38eeb
8,0,132,.227,26,12,2,39,30,3,6,.304,.728,Emmanuel Rivera,3B,22,18,1,1,0,.424,37,ARI,63843faa972915bc12d38eec
6,2,128,.250,27,16,1,36,32,3,0,.347,.675,Austin Meadows,OF,9,11,0,0,0,.328,17,DET,63843faa972915bc12d38eed
9,0,128,.305,37,19,0,47,39,5,15,.412,1.139,Matt Carpenter,2B,28,37,0,1,1,.727,35,NYY,63843faa972915bc12d38eee
4,0,126,.190,31,9,0,42,24,2,5,.252,.593,Stephen Piscotty,OF,12,14,2,2,0,.341,48,OAK,63843faa972915bc12d38eef
5,0,125,.232,22,4,2,46,29,6,2,.285,.605,CJ Abrams,SS,16,11,1,2,2,.320,27,SD,63843faa972915bc12d38ef0
4,2,124,.218,35,5,1,42,27,2,0,.260,.542,Alcides Escobar,SS,12,8,1,0,0,.282,32,WAS,63843faa972915bc12d38ef1
7,2,123,.203,31,6,0,49,25,1,4,.246,.636,Tyler Naquin,OF,18,13,1,0,0,.390,40,NYM,63843faa972915bc12d38ef2
4,3,122,.189,26,4,1,53,23,5,0,.244,.514,Edmundo Sosa,SS,17,8,3,0,0,.270,38,STL,63843faa972915bc12d38ef3
5,0,121,.281,33,8,2,44,34,0,5,.323,.769,Whit Merrifield,2B,19,16,1,1,0,.446,24,TOR,63843faa972915bc12d38ef4
4,0,121,.240,24,11,0,44,29,0,4,.303,.675,Sam Huff,C,9,10,1,0,0,.372,42,TEX,63843faa972915bc12d38ef5
6,1,120,.208,27,5,2,54,25,1,4,.244,.619,Oscar Mercado,OF,17,16,2,1,0,.375,28,CLE,63843faa972915bc12d38ef6
4,0,119,.218,29,9,0,40,26,0,1,.273,.550,Andy Ibanez,2B,13,9,3,0,0,.277,21,TEX,63843faa972915bc12d38ef7
4,0,118,.186,29,10,2,46,22,2,2,.260,.531,Greg Allen,OF,17,8,8,1,3,.271,42,PIT,63843faa972915bc12d38ef8
6,0,118,.271,26,5,2,35,32,2,4,.312,.736,Alan Trejo,SS,15,17,1,0,0,.424,31,COL,63843faa972915bc12d38ef9
4,0,117,.145,26,8,0,57,17,0,5,.197,.505,Kody Clemens,2B,13,17,1,2,0,.308,33,DET,63843faa972915bc12d38efa
4,1,117,.162,29,16,0,44,19,3,7,.277,.670,Joey Gallo,OF,16,23,1,1,0,.393,57,LAD,63843faa972915bc12d38efb
6,0,116,.207,24,8,0,39,24,1,5,.264,.652,Dermis Garcia,3B,13,20,0,0,0,.388,55,OAK,63843faa972915bc12d38efc
8,0,116,.259,29,6,0,41,30,4,4,.315,.746,David Bote,2B,15,12,1,1,0,.431,45,CHC,63843faa972915bc12d38efd
7,1,116,.259,21,16,1,34,30,0,4,.348,.788,Gunnar Henderson,SS,12,18,1,0,0,.440,34,BAL,63843faa972915bc12d38efe
4,1,115,.235,26,9,4,71,27,0,1,.290,.603,Luke Williams,OF,20,3,11,0,0,.313,40,MIA,63843faa972915bc12d38eff
3,0,115,.148,31,6,0,36,17,1,5,.195,.499,Mike Zunino,C,7,16,0,1,0,.304,46,TB,63843faa972915bc12d38f00
6,0,115,.252,33,5,3,70,29,0,2,.283,.640,Charlie Culberson,3B,19,12,2,0,4,.357,31,TEX,63843faa972915bc12d38f01
9,1,114,.254,28,13,1,33,29,1,2,.331,.735,Andrew Benintendi,OF,14,12,4,2,1,.404,25,NYY,63843faa972915bc12d38f02
7,0,113,.177,26,10,1,39,20,0,1,.244,.509,Bligh Madris,OF,10,7,2,0,0,.265,31,PIT,63843faa972915bc12d38f03
6,0,112,.232,25,9,0,54,26,1,0,.293,.579,Richie Palacios,OF,7,10,2,1,0,.286,20,CLE,63843faa972915bc12d38f04
3,0,111,.189,26,11,0,38,21,3,1,.278,.521,Seth Beer,OF,4,9,0,1,0,.243,31,ARI,63843faa972915bc12d38f05
8,2,111,.216,24,9,1,31,24,0,2,.275,.653,Michael Toglia,1B,10,12,1,0,0,.378,44,COL,63843faa972915bc12d38f06
2,0,111,.189,25,9,0,47,21,0,0,.250,.457,Jose Herrera,C,9,5,0,0,4,.207,34,ARI,63843faa972915bc12d38f07
3,0,109,.211,30,16,0,42,23,0,5,.305,.681,Colin Moran,1B,11,23,0,3,0,.376,30,CIN,63843faa972915bc12d38f08
2,0,108,.213,29,3,1,47,23,2,1,.248,.507,Aramis Garcia,C,6,4,0,0,2,.259,34,CIN,63843faa972915bc12d38f09
3,0,108,.231,34,15,0,41,25,1,4,.325,.695,Curt Casali,C,13,14,0,2,0,.370,36,SF,63843faa972915bc12d38f0a
0,0,107,.150,30,8,0,39,16,0,6,.209,.527,Michael Perez,C,8,11,1,0,1,.318,26,PIT,63843faa972915bc12d38f0b
4,1,106,.264,29,14,0,50,28,0,5,.350,.812,Garrett Stubbs,C,19,16,2,0,1,.462,30,PHI,63843faa972915bc12d38f0c
2,0,106,.198,28,7,0,42,21,2,4,.259,.589,Skye Bolt,OF,10,13,5,1,0,.330,30,OAK,63843faa972915bc12d38f0d
4,3,106,.264,25,10,1,44,28,2,1,.331,.718,Nate Eaton,OF,16,12,11,3,1,.387,30,KC,63843faa972915bc12d38f0e
4,1,105,.238,26,2,1,32,25,1,2,.257,.609,Romy Gonzalez,SS,15,11,0,1,0,.352,39,CWS,63843faa972915bc12d38f0f
2,0,105,.200,28,11,1,47,21,0,3,.274,.579,Eli White,OF,16,10,12,1,0,.305,41,TEX,63843faa972915bc12d38f10
9,2,104,.260,22,8,1,32,27,3,4,.330,.830,Corbin Carroll,OF,13,14,2,0,0,.500,31,ARI,63843faa972915bc12d38f11
3,0,104,.250,32,4,2,35,26,0,1,.278,.586,Christian Vazquez,C,8,10,0,0,0,.308,18,HOU,63843faa972915bc12d38f12
4,1,103,.252,25,6,0,31,26,3,6,.310,.795,Kerry Carpenter,OF,16,10,0,1,0,.485,32,DET,63843faa972915bc12d38f13
9,0,102,.196,25,13,1,43,20,0,4,.284,.686,Taylor Trammell,OF,15,10,2,1,1,.402,33,SEA,63843faa972915bc12d38f14
3,1,102,.245,28,11,3,35,25,2,5,.330,.771,Alex Call,OF,16,13,3,0,0,.441,26,WAS,63843faa972915bc12d38f15
6,1,98,.265,29,10,1,36,26,2,4,.342,.811,Jason Vosler,3B,14,12,1,1,0,.469,29,SF,63843faa972915bc12d38f16
5,1,98,.337,27,6,0,36,33,1,3,.377,.877,Reese McGuire,C,13,12,1,1,1,.500,23,BOS,63843faa972915bc12d38f17
4,1,98,.204,24,4,0,26,20,0,5,.235,.653,Josh Jung,3B,9,14,2,0,0,.418,39,TEX,63843faa972915bc12d38f18
4,1,97,.289,29,7,0,31,28,1,3,.343,.786,Danny Mendick,2B,22,15,1,0,1,.443,23,CWS,63843faa972915bc12d38f19
3,0,96,.260,27,7,0,36,25,0,3,.305,.690,Yu Chang,3B,11,12,0,2,0,.385,27,TB,63843faa972915bc12d38f1a
6,1,96,.240,23,12,0,32,23,0,5,.324,.803,Drew Waters,OF,14,18,0,0,0,.479,40,KC,63843faa972915bc12d38f1b
2,0,96,.229,27,3,0,27,22,0,1,.250,.531,Miguel Andujar,OF,9,8,4,1,0,.281,22,NYY,63843faa972915bc12d38f1c
2,0,95,.147,34,2,0,37,14,1,3,.173,.436,Austin Romine,C,8,9,0,0,1,.263,36,CIN,63843faa972915bc12d38f1d
5,0,95,.211,24,11,1,28,20,2,2,.306,.632,Spencer Steer,SS,12,8,0,0,0,.326,26,CIN,63843faa972915bc12d38f1e
4,0,92,.207,25,8,0,32,19,2,4,.284,.664,Peyton Burdick,OF,8,11,1,0,0,.380,35,MIA,63843faa972915bc12d38f1f
4,1,91,.253,24,5,0,34,23,2,3,.306,.724,Kyle Stowers,OF,11,11,0,0,0,.418,29,BAL,63843faa972915bc12d38f20
1,3,91,.165,26,4,1,45,15,0,0,.200,.442,Magneuris Sierra,OF,7,5,6,0,1,.242,25,LAA,63843faa972915bc12d38f21
4,0,91,.231,30,8,0,28,21,0,3,.293,.667,Mike Ford,1B,8,5,0,0,0,.374,26,LAA,63843faa972915bc12d38f22
2,0,89,.213,28,6,0,26,19,0,3,.260,.597,Travis Demeritte,OF,9,6,0,1,0,.337,32,ATL,63843faa972915bc12d38f23
4,0,89,.101,30,5,2,100,9,6,2,.200,.413,Bradley Zimmer,OF,14,5,3,0,1,.213,41,TOR,63843faa972915bc12d38f24
2,1,89,.258,25,12,1,40,23,0,1,.340,.677,Terrin Vavra,2B,14,12,0,2,0,.337,19,BAL,63843faa972915bc12d38f25
4,1,86,.279,26,8,2,38,24,5,5,.374,.897,Stuart Fairchild,OF,13,6,0,0,0,.523,29,CIN,63843faa972915bc12d38f26
1,0,86,.244,28,5,1,27,21,1,7,.293,.793,Edwin Rios,1B,12,17,0,0,0,.500,36,LAD,63843faa972915bc12d38f27
5,0,86,.244,24,8,0,28,21,0,2,.309,.681,Nolan Jones,OF,10,13,0,0,0,.372,31,CLE,63843faa972915bc12d38f28
2,0,84,.179,33,8,0,31,15,1,0,.255,.457,Ehire Adrianza,OF,5,7,1,1,0,.202,22,WAS,63843faa972915bc12d38f29
2,0,83,.229,26,5,0,31,19,0,1,.270,.559,Derek Hill,OF,8,3,3,1,3,.289,28,DET,63843faa972915bc12d38f2a
2,2,83,.217,24,8,0,30,18,1,1,.287,.612,Buddy Kennedy,3B,10,12,0,2,0,.325,23,ARI,63843faa972915bc12d38f2b
1,0,82,.207,27,7,2,35,17,5,3,.309,.638,Nick Solak,2B,14,4,3,0,1,.329,19,TEX,63843faa972915bc12d38f2c
1,0,82,.159,26,9,0,34,13,0,1,.242,.449,Michael Papierski,C,6,4,0,0,2,.207,22,CIN,63843faa972915bc12d38f2d
3,0,80,.213,26,2,0,25,17,1,2,.241,.566,Rene Pinto,C,5,10,0,0,0,.325,35,TB,63843faa972915bc12d38f2e
4,0,78,.192,24,8,0,32,15,1,2,.276,.597,Jonathan Aranda,2B,10,6,0,0,0,.321,23,TB,63843faa972915bc12d38f2f
2,0,78,.115,35,8,0,34,9,1,1,.205,.384,Jason Castro,C,6,3,1,1,0,.179,40,HOU,63843faa972915bc12d38f30
3,0,77,.182,25,3,0,23,14,0,3,.210,.548,Jerar Encarnacion,OF,7,14,2,1,0,.338,32,MIA,63843faa972915bc12d38f31
5,0,77,.234,27,6,0,32,18,1,1,.294,.632,Luis Barrera,OF,3,7,3,1,0,.338,17,OAK,63843faa972915bc12d38f32
3,0,77,.247,23,4,0,24,19,4,0,.314,.600,Tyler Freeman,2B,9,3,1,1,0,.286,11,CLE,63843faa972915bc12d38f33
6,0,77,.234,31,4,1,31,18,0,2,.272,.662,Jake Marisnick,OF,9,6,2,0,1,.390,24,PIT,63843faa972915bc12d38f34
3,1,76,.158,31,6,0,74,12,0,3,.220,.562,Guillermo Heredia,OF,12,8,0,0,0,.342,32,ATL,63843faa972915bc12d38f35
8,0,76,.276,27,3,1,27,21,1,4,.309,.848,Stone Garrett,OF,13,10,3,1,0,.539,27,ARI,63843faa972915bc12d38f36
8,0,76,.158,28,1,0,24,12,1,1,.179,.482,Donovan Walton,SS,8,8,0,0,0,.303,16,SF,63843faa972915bc12d38f37
1,0,76,.224,30,14,1,37,17,0,0,.344,.581,Jonathan Davis,OF,9,4,7,0,1,.237,26,MIL,63843faa972915bc12d38f38
1,0,76,.197,22,19,0,27,15,0,5,.358,.766,Triston Casas,1B,11,12,1,0,0,.408,23,BOS,63843faa972915bc12d38f39
1,0,75,.173,33,7,0,35,13,0,0,.244,.431,Andrelton Simmons,SS,8,7,4,0,3,.187,13,CHC,63843faa972915bc12d38f3a
6,0,74,.297,26,21,0,27,22,1,3,.454,.954,Sean Bouchard,1B,9,11,0,1,0,.500,25,COL,63843faa972915bc12d38f3b
4,0,73,.178,32,7,0,40,13,0,1,.250,.524,Jackie Bradley,OF,9,9,0,0,0,.274,19,TOR,63843faa972915bc12d38f3c
1,0,73,.178,25,6,1,26,13,1,1,.244,.477,Ryan Kreidler,SS,8,6,0,2,2,.233,22,DET,63843faa972915bc12d38f3d
5,0,73,.233,29,9,0,31,17,1,1,.325,.667,Yermin Mercedes,DH,9,8,0,0,0,.342,17,SF,63843faa972915bc12d38f3e
2,1,72,.250,25,10,0,35,18,1,5,.341,.855,Nick Maton,SS,13,17,0,2,0,.514,29,PHI,63843faa972915bc12d38f3f
4,0,72,.194,27,6,0,26,14,1,4,.266,.683,Zack Collins,C,7,10,0,0,0,.417,31,TOR,63843faa972915bc12d38f40
0,0,70,.143,26,4,0,30,10,0,2,.184,.413,Jermaine Palacios,SS,8,6,0,2,1,.229,27,MIN,63843faa972915bc12d38f41
1,1,70,.186,32,3,0,23,13,1,1,.230,.501,Jack Mayfield,3B,8,6,1,0,0,.271,17,LAA,63843faa972915bc12d38f42
1,0,69,.319,22,4,0,25,22,0,1,.356,.733,Gabriel Moreno,C,10,7,0,0,0,.377,8,TOR,63843faa972915bc12d38f43
1,0,69,.217,27,11,0,29,15,0,2,.321,.640,Matt Thaiss,C,9,8,1,1,0,.319,24,LAA,63843faa972915bc12d38f44
4,0,68,.191,29,2,0,24,13,0,1,.214,.508,Patrick Mazeika,C,4,6,0,0,2,.294,9,NYM,63843faa972915bc12d38f45
2,0,67,.209,27,2,0,32,14,2,2,.254,.582,J.J. Matijevic,OF,7,5,1,0,0,.328,25,HOU,63843faa972915bc12d38f46
5,1,67,.239,32,8,1,25,16,2,2,.338,.771,Jake Lamb,OF,10,4,0,0,0,.433,24,LAD,63843faa972915bc12d38f47
3,0,66,.152,36,5,0,29,10,1,0,.216,.413,Darin Ruf,OF,6,7,0,2,0,.197,20,NYM,63843faa972915bc12d38f48
3,0,65,.277,28,9,0,24,18,0,5,.365,.919,Mark Mathias,2B,11,16,2,0,0,.554,26,TEX,63843faa972915bc12d38f49
3,1,64,.219,25,5,0,21,14,1,1,.286,.630,Daz Cameron,OF,6,8,2,0,0,.344,20,DET,63843faa972915bc12d38f4a
1,0,63,.159,25,11,0,26,10,0,2,.280,.550,Meibrys Viloria,C,10,5,0,1,0,.270,29,TEX,63843faa972915bc12d38f4b
1,1,63,.175,26,0,0,18,11,0,0,.175,.397,Cole Tucker,OF,3,2,1,0,0,.222,25,PIT,63843faa972915bc12d38f4c
3,0,61,.311,24,6,0,28,19,0,2,.373,.832,Garrett Mitchell,OF,9,9,8,0,1,.459,28,MIL,63843faa972915bc12d38f4d
2,0,61,.115,27,7,0,31,7,4,0,.250,.398,Michael Hermosillo,OF,7,4,1,0,1,.148,27,CHC,63843faa972915bc12d38f4e
2,0,61,.197,28,7,0,22,12,3,1,.306,.585,Luke Raley,OF,7,4,0,1,0,.279,24,TB,63843faa972915bc12d38f4f
0,0,61,.262,23,4,0,17,16,0,1,.308,.619,Jordan Groshans,3B,9,2,0,0,0,.311,13,MIA,63843faa972915bc12d38f50
2,0,61,.197,26,5,0,25,12,2,0,.279,.509,Michael Stefanic,2B,5,0,0,0,1,.230,12,LAA,63843faa972915bc12d38f51
3,0,60,.167,26,8,1,23,10,0,0,.261,.478,Cal Stevenson,OF,5,1,1,1,2,.217,23,OAK,63843faa972915bc12d38f52
2,0,60,.233,33,9,0,21,14,0,2,.333,.700,Roberto Perez,C,8,8,0,0,0,.367,25,PIT,63843faa972915bc12d38f53
0,0,60,.083,29,9,0,20,5,1,1,.211,.344,Miguel Sano,1B,1,3,1,1,0,.133,25,MIN,63843faa972915bc12d38f54
2,1,60,.183,33,2,0,20,11,0,0,.210,.460,Juan Lagares,OF,4,0,0,0,0,.250,15,LAA,63843faa972915bc12d38f55
1,1,59,.305,34,0,2,23,18,0,0,.305,.661,Dee Strange-Gordon,2B,6,2,3,0,0,.356,8,WAS,63843faa972915bc12d38f56
2,1,59,.203,24,1,0,19,12,1,3,.230,.654,Mickey Moniak,OF,9,6,1,0,0,.424,24,LAA,63843faa972915bc12d38f57
2,0,59,.136,27,0,0,25,8,0,2,.136,.407,Chuckie Robinson,C,3,5,0,0,1,.271,17,CIN,63843faa972915bc12d38f58
1,0,58,.121,27,1,0,28,7,1,3,.148,.441,Mark Contreras,OF,9,6,1,1,0,.293,21,MIN,63843faa972915bc12d38f59
3,0,57,.228,24,6,0,18,13,2,2,.323,.709,Matt Wallner,OF,4,10,1,0,0,.386,25,MIN,63843faa972915bc12d38f5a
2,0,57,.211,27,3,0,29,12,0,3,.250,.654,Yairo Munoz,OF,7,7,1,0,0,.404,10,PHI,63843faa972915bc12d38f5b
2,0,56,.107,31,10,0,27,6,1,0,.254,.397,Chris Owings,2B,6,0,1,0,1,.143,24,BAL,63843faa972915bc12d38f5c
3,0,56,.179,33,7,0,25,10,0,0,.270,.502,Sandy Leon,C,6,4,0,0,2,.232,23,MIN,63843faa972915bc12d38f5d
0,0,56,.143,27,5,0,18,8,1,3,.226,.530,Kyle Lewis,OF,6,5,0,0,0,.304,19,SEA,63843faa972915bc12d38f5e
2,0,56,.125,29,0,0,22,7,1,0,.140,.301,Jose Rojas,OF,1,1,0,0,0,.161,19,LAA,63843faa972915bc12d38f5f
1,0,55,.182,24,3,0,28,10,2,0,.250,.450,Will Benson,OF,8,3,0,0,1,.200,19,CLE,63843faa972915bc12d38f60
5,1,55,.400,22,2,1,18,22,0,1,.414,.996,Livan Soto,SS,9,9,1,1,1,.582,13,LAA,63843faa972915bc12d38f61
7,1,54,.315,26,1,0,25,17,2,2,.345,.938,Edmundo Sosa,SS,9,13,3,1,1,.593,12,PHI,63843faa972915bc12d38f62
0,0,54,.241,31,1,0,21,13,0,1,.255,.551,Willians Astudillo,3B,5,4,1,0,0,.296,3,MIA,63843faa972915bc12d38f63
0,0,54,.167,31,8,0,43,9,1,0,.286,.453,Travis Jankowski,OF,11,2,3,0,0,.167,9,NYM,63843faa972915bc12d38f64
1,0,52,.096,28,4,0,23,5,0,1,.158,.331,Billy McKinney,OF,3,4,0,1,0,.173,16,OAK,63843faa972915bc12d38f65
2,0,52,.231,32,2,1,17,12,0,3,.259,.701,Nick Ahmed,SS,7,7,0,0,0,.442,15,ARI,63843faa972915bc12d38f66
2,0,52,.115,32,6,0,22,6,0,1,.207,.419,Anthony Bemboom,C,4,1,0,0,1,.212,17,BAL,63843faa972915bc12d38f67
0,1,51,.098,34,1,0,22,5,1,0,.132,.269,Phil Gosselin,3B,2,2,0,0,0,.137,18,LAA,63843faa972915bc12d38f68
2,0,51,.216,26,4,0,23,11,1,2,.276,.649,Hoy Park,SS,7,6,1,2,2,.373,15,PIT,63843faa972915bc12d38f69
1,0,50,.180,28,2,0,19,9,0,0,.212,.412,Tres Barrera,C,2,4,0,0,1,.200,16,WAS,63843faa972915bc12d38f6a
2,0,50,.240,29,8,0,28,12,0,0,.345,.625,Jake Hager,SS,4,3,0,0,1,.280,17,ARI,63843faa972915bc12d38f6b
0,0,50,.140,27,4,0,15,7,0,0,.204,.344,Adalberto Mondesi,3B,3,3,5,0,0,.140,20,KC,63843faa972915bc12d38f6c
1,0,49,.224,32,1,0,16,11,0,1,.240,.546,Jesus Aguilar,1B,2,2,0,0,0,.306,13,BAL,63843faa972915bc12d38f6d
0,0,49,.163,31,4,0,13,8,0,1,.226,.450,Jonathan Villar,3B,6,3,1,0,1,.224,17,LAA,63843faa972915bc12d38f6e
3,0,49,.265,22,2,0,15,13,0,0,.294,.621,Jordan Diaz,2B,3,1,0,0,0,.327,7,OAK,63843faa972915bc12d38f6f
3,0,49,.306,22,6,0,18,15,2,1,.404,.833,Oswald Peraza,SS,8,2,2,0,0,.429,9,NYY,63843faa972915bc12d38f70
1,0,48,.188,24,5,0,16,9,0,1,.264,.535,Alec Burleson,OF,4,3,1,0,0,.271,9,STL,63843faa972915bc12d38f71
1,0,48,.125,35,6,0,17,6,3,1,.263,.471,Justin Upton,OF,2,3,0,0,0,.208,23,SEA,63843faa972915bc12d38f72
3,0,48,.188,26,5,0,27,9,1,1,.273,.586,Connor Wong,C,8,7,0,1,1,.313,16,BOS,63843faa972915bc12d38f73
1,0,48,.250,24,1,0,16,12,0,1,.260,.593,Luis Campusano,C,4,5,0,1,0,.333,11,SD,63843faa972915bc12d38f74
1,1,47,.191,22,8,0,16,9,1,1,.321,.640,Gabriel Arias,SS,9,5,1,0,1,.319,16,CLE,63843faa972915bc12d38f75
2,0,47,.213,27,1,0,29,10,1,0,.245,.500,Josh Palacios,OF,8,2,1,0,0,.255,15,WAS,63843faa972915bc12d38f76
1,0,47,.170,23,2,0,18,8,0,1,.200,.455,Miguel Vargas,3B,4,8,1,1,0,.255,13,LAD,63843faa972915bc12d38f77
1,0,46,.239,28,1,0,21,11,0,2,.245,.636,Mauricio Dubon,2B,10,8,0,2,0,.391,4,SF,63843faa972915bc12d38f78
3,0,46,.217,28,2,1,14,10,0,0,.245,.528,Harrison Bader,OF,3,9,2,1,0,.283,15,NYY,63843faa972915bc12d38f79
1,0,46,.130,24,3,0,18,6,0,0,.184,.336,Mickey Moniak,OF,4,2,0,0,1,.152,19,PHI,63843faa972915bc12d38f7a
3,0,45,.244,33,4,0,14,11,1,0,.320,.631,Eric Hosmer,1B,6,4,0,0,0,.311,9,BOS,63843faa972915bc12d38f7b
3,0,44,.136,28,8,0,18,6,1,1,.283,.556,Willie Calhoun,OF,7,2,0,0,0,.273,6,TEX,63843faa972915bc12d38f7c
2,0,43,.116,30,2,0,15,5,0,0,.156,.319,Niko Goodrum,SS,2,1,1,0,0,.163,23,HOU,63843faa972915bc12d38f7d
1,1,43,.093,29,2,0,20,4,2,0,.170,.333,Matt Beaty,1B,6,1,0,0,0,.163,8,SD,63843faa972915bc12d38f7e
1,0,43,.186,30,2,2,38,8,1,2,.239,.588,Tim Locastro,OF,13,4,8,0,0,.349,7,NYY,63843faa972915bc12d38f7f
1,1,42,.357,24,2,1,11,15,1,1,.400,.900,Will Brennan,OF,6,8,2,0,0,.500,4,CLE,63843faa972915bc12d38f80
2,2,42,.262,29,4,2,21,11,1,0,.340,.745,Roman Quinn,OF,7,4,0,0,0,.405,21,TB,63843faa972915bc12d38f81
5,0,42,.214,29,3,0,18,9,0,0,.267,.600,Cam Gallagher,C,1,5,0,0,2,.333,13,KC,63843faa972915bc12d38f82
1,0,42,.167,27,4,1,18,7,3,1,.286,.548,Yu Chang,3B,5,2,0,0,0,.262,18,PIT,63843faa972915bc12d38f83
1,0,42,.286,32,0,1,12,12,0,0,.286,.596,Wynton Bernard,OF,9,3,3,0,0,.310,8,COL,63843faa972915bc12d38f84
0,0,41,.195,40,2,0,12,8,0,1,.233,.501,Robinson Cano,2B,3,3,0,0,0,.268,11,NYM,63843faa972915bc12d38f85
0,0,40,.275,30,4,1,14,11,2,0,.370,.645,Esteban Quiroz,2B,3,3,1,0,1,.275,9,CHC,63843faa972915bc12d38f86
4,0,40,.300,23,1,0,12,12,0,2,.317,.867,Royce Lewis,SS,5,5,0,0,0,.550,5,MIN,63843faa972915bc12d38f87
1,0,40,.125,34,9,0,16,5,1,1,.300,.525,Curt Casali,C,7,3,0,0,0,.225,14,SEA,63843faa972915bc12d38f88
1,0,39,.154,24,1,0,14,6,0,1,.171,.427,Jeter Downs,2B,4,4,0,1,0,.256,21,BOS,63843faa972915bc12d38f89
0,0,38,.184,23,2,0,11,7,1,2,.244,.586,Brett Baty,3B,4,5,0,0,0,.342,8,NYM,63843faa972915bc12d38f8a
0,0,37,.189,27,5,0,16,7,0,0,.279,.468,David MacKinnon,1B,0,6,0,1,0,.189,12,LAA,63843faa972915bc12d38f8b
1,0,37,.189,31,4,0,16,7,0,0,.268,.484,Erik Gonzalez,3B,4,3,1,0,0,.216,12,MIA,63843faa972915bc12d38f8c
3,0,37,.216,28,7,0,19,8,1,0,.356,.653,Jackson Frazier,OF,4,1,1,0,0,.297,11,CHC,63843faa972915bc12d38f8d
0,0,37,.108,30,5,2,14,4,0,0,.214,.322,Yolmer Sanchez,2B,1,2,0,0,2,.108,13,BOS,63843faa972915bc12d38f8e
1,0,37,.162,29,3,1,23,6,0,0,.225,.414,Roman Quinn,OF,8,3,4,0,0,.189,15,PHI,63843faa972915bc12d38f8f
2,0,36,.167,28,2,0,16,6,0,3,.211,.683,Lewis Brinson,OF,5,4,1,0,1,.472,14,SF,63843faa972915bc12d38f90
1,0,36,.167,22,5,0,16,6,0,1,.268,.546,Mark Vientos,3B,3,3,0,0,0,.278,12,NYM,63843faa972915bc12d38f91
3,1,36,.250,27,2,1,9,9,0,0,.275,.664,Miguel Andujar,OF,4,9,0,2,0,.389,5,PIT,63843faa972915bc12d38f92
3,0,36,.194,29,2,0,12,7,0,0,.231,.509,Steven Duggar,OF,2,4,4,1,0,.278,16,SF,63843faa972915bc12d38f93
0,1,35,.371,25,4,1,13,13,0,2,.425,1.025,Conner Capel,OF,6,9,1,1,0,.600,8,OAK,63843faa972915bc12d38f94
1,0,35,.143,31,4,0,12,5,0,1,.231,.488,Chad Wallach,C,3,4,0,0,1,.257,9,LAA,63843faa972915bc12d38f95
1,0,35,.114,22,1,0,11,4,0,1,.139,.368,Lenyn Sosa,2B,3,1,0,0,0,.229,12,CWS,63843faa972915bc12d38f96
0,0,35,.114,26,2,2,22,4,0,0,.158,.272,Sergio Alcantara,SS,3,3,0,1,0,.114,12,SD,63843faa972915bc12d38f97
2,0,35,.257,33,1,0,15,9,1,1,.297,.697,Abraham Almonte,OF,7,2,1,0,0,.400,12,BOS,63843faa972915bc12d38f98
1,0,34,.265,29,0,1,16,9,0,0,.265,.559,Zach Reks,OF,3,3,0,0,0,.294,10,TEX,63843faa972915bc12d38f99
1,0,33,.212,21,2,0,9,7,0,1,.257,.590,Ezequiel Tovar,SS,2,2,0,0,0,.333,9,COL,63843faa972915bc12d38f9a
3,0,33,.333,23,2,0,10,11,2,0,.405,.829,Ji Hwan Bae,SS,5,6,3,0,0,.424,6,PIT,63843faa972915bc12d38f9b
0,0,33,.091,40,1,0,12,3,0,0,.118,.209,Robinson Cano,2B,1,1,0,0,0,.091,10,SD,63843faa972915bc12d38f9c
0,0,33,.121,32,3,0,13,4,0,1,.194,.406,Alex Dickerson,OF,3,2,0,0,0,.212,9,ATL,63843faa972915bc12d38f9d
2,0,33,.182,28,1,0,14,6,0,0,.200,.442,Elier Hernandez,OF,4,3,0,1,0,.242,15,TEX,63843faa972915bc12d38f9e
2,0,33,.303,31,8,0,14,10,0,1,.439,.894,Tom Murphy,C,9,1,0,0,0,.455,13,SEA,63843faa972915bc12d38f9f
1,0,33,.121,27,6,0,14,4,0,0,.244,.396,Dom Nunez,C,3,2,0,2,0,.152,10,COL,63843faa972915bc12d38fa0
1,0,31,.129,31,3,0,11,4,1,0,.229,.390,Andrew Knapp,C,2,2,0,0,0,.161,9,PIT,63843faa972915bc12d38fa1
0,0,31,.097,25,3,0,17,3,1,0,.200,.297,Estevan Florial,OF,4,1,2,0,0,.097,13,NYY,63843faa972915bc12d38fa2
0,0,30,.267,28,2,0,10,8,0,0,.313,.580,Cody Thomas,OF,1,0,0,0,0,.267,12,OAK,63843faa972915bc12d38fa3
0,2,30,.167,27,3,1,13,5,0,0,.242,.542,Richie Martin,SS,4,3,3,0,0,.300,10,BAL,63843faa972915bc12d38fa4
1,0,30,.167,32,3,0,16,5,1,1,.265,.565,Jake Lamb,OF,3,2,0,0,0,.300,14,SEA,63843faa972915bc12d38fa5
1,0,29,.138,26,1,0,14,4,1,2,.194,.573,Nick Plummer,OF,4,6,0,0,0,.379,12,NYM,63843faa972915bc12d38fa6
1,0,29,.172,30,8,0,16,5,1,0,.368,.575,Mike Ford,1B,1,3,0,0,0,.207,12,SEA,63843faa972915bc12d38fa7
2,1,29,.345,26,5,0,16,10,0,1,.441,1.027,David Hensley,DH,7,5,0,0,0,.586,6,HOU,63843faa972915bc12d38fa8
0,0,28,.143,25,5,0,15,4,2,0,.314,.457,Payton Henry,C,2,4,0,0,0,.143,8,MIA,63843faa972915bc12d38fa9
1,0,28,.143,28,4,0,12,4,0,0,.250,.429,Kelvin Gutierrez,3B,2,3,1,0,0,.179,8,BAL,63843faa972915bc12d38faa
0,0,28,.179,24,1,0,9,5,0,1,.207,.493,Jonathan Arauz,2B,2,4,0,0,0,.286,9,BAL,63843faa972915bc12d38fab
1,1,27,.222,23,0,2,14,6,0,0,.222,.555,Esteury Ruiz,OF,1,2,1,0,0,.333,5,SD,63843faa972915bc12d38fac
0,0,26,.154,28,1,0,13,4,0,0,.185,.339,Max Schrock,OF,1,1,0,0,0,.154,6,CIN,63843faa972915bc12d38fad
1,0,26,.154,34,2,0,11,4,0,0,.214,.406,Austin Romine,C,2,0,0,0,0,.192,7,STL,63843faa972915bc12d38fae
1,0,26,.154,40,1,0,9,4,0,0,.185,.377,Robinson Cano,2B,1,0,0,0,0,.192,4,ATL,63843faa972915bc12d38faf
0,0,26,.154,24,2,0,17,4,0,0,.214,.368,Sebastian Rivero,C,2,1,0,0,1,.154,10,KC,63843faa972915bc12d38fb0
2,0,25,.160,24,1,0,12,4,0,0,.192,.432,Korey Lee,C,1,4,0,0,0,.240,9,HOU,63843faa972915bc12d38fb1
0,0,25,.080,32,0,0,12,2,0,0,.080,.160,Tim Beckham,SS,1,1,0,0,0,.080,9,MIN,63843faa972915bc12d38fb2
0,0,25,.040,27,3,0,10,1,0,0,.138,.178,Zack Collins,C,2,1,0,1,0,.040,10,PIT,63843faa972915bc12d38fb3
1,0,25,.160,28,3,0,14,4,1,0,.276,.476,Brent Rooker,OF,1,2,0,0,0,.200,7,KC,63843faa972915bc12d38fb4
0,0,25,.080,25,1,0,10,2,0,0,.115,.195,Lucius Fox,SS,2,2,1,0,2,.080,9,WAS,63843faa972915bc12d38fb5
0,0,25,.160,32,0,0,14,4,0,0,.154,.314,Eddy Alvarez,2B,1,3,1,1,1,.160,9,LAD,63843faa972915bc12d38fb6
1,0,24,.333,28,3,0,12,8,0,0,.407,.782,Jaylin Davis,OF,4,2,0,0,0,.375,11,BOS,63843faa972915bc12d38fb7
0,0,24,.167,31,0,1,8,4,0,1,.167,.459,Matt Davidson,DH,2,2,0,0,0,.292,10,OAK,63843faa972915bc12d38fb8
0,0,24,.083,24,2,0,12,2,0,0,.154,.237,Yonny Hernandez,3B,2,0,2,0,2,.083,4,ARI,63843faa972915bc12d38fb9
0,0,24,.167,23,0,1,9,4,0,0,.167,.334,Mike Siani,OF,1,0,0,0,0,.167,7,CIN,63843faa972915bc12d38fba
0,0,23,.261,34,1,0,12,6,0,0,.292,.553,Phil Gosselin,3B,4,0,0,0,0,.261,6,ATL,63843faa972915bc12d38fbb
0,1,23,.130,31,3,0,10,3,0,1,.231,.579,Ildemaro Vargas,2B,4,4,0,0,0,.348,2,CHC,63843faa972915bc12d38fbc
1,0,22,.136,28,2,0,7,3,1,0,.231,.413,Ryan Aguilar,OF,2,2,0,1,0,.182,14,LAA,63843faa972915bc12d38fbd
1,0,22,.318,22,1,0,9,7,0,0,.348,.712,Maikel Garcia,SS,1,2,0,0,0,.364,5,KC,63843faa972915bc12d38fbe
0,0,21,.143,30,4,0,8,3,0,0,.280,.423,Mark Payton,OF,3,1,0,0,0,.143,4,CWS,63843faa972915bc12d38fbf
0,0,21,.238,26,3,0,14,5,0,0,.333,.571,Adam Haseley,OF,4,2,0,0,1,.238,7,CWS,63843faa972915bc12d38fc0
0,0,21,.333,26,6,0,14,7,1,1,.500,.976,Dalton Guthrie,SS,3,5,1,0,0,.476,7,PHI,63843faa972915bc12d38fc1
0,0,20,.100,23,2,0,9,2,0,0,.182,.282,Heliot Ramos,OF,4,0,0,0,0,.100,6,SF,63843faa972915bc12d38fc2
2,0,20,.150,27,5,0,11,3,1,0,.346,.596,Yu Chang,3B,3,1,0,0,0,.250,7,BOS,63843faa972915bc12d38fc3
1,0,20,.150,28,3,1,22,3,1,0,.292,.492,Ben DeLuzio,OF,3,0,0,0,1,.200,5,STL,63843faa972915bc12d38fc4
2,0,20,.200,27,1,0,10,4,0,1,.238,.688,Mark Kolozsvary,C,3,3,0,0,0,.450,9,CIN,63843faa972915bc12d38fc5
1,0,19,.105,27,2,0,15,2,1,0,.227,.385,Matt Batten,3B,0,1,0,0,0,.158,6,SD,63843faa972915bc12d38fc6
2,0,19,.263,27,3,0,6,5,0,0,.364,.732,Jared Young,1B,2,0,1,0,0,.368,7,CHC,63843faa972915bc12d38fc7
0,0,19,.000,32,0,0,7,0,0,0,.000,.000,Travis Shaw,3B,0,0,0,0,0,.000,7,BOS,63843faa972915bc12d38fc8
0,0,19,.158,33,0,0,6,3,0,0,.158,.316,Steven Souza,OF,0,1,0,0,0,.158,8,SEA,63843faa972915bc12d38fc9
0,1,19,.053,29,3,0,9,1,0,0,.182,.340,Steven Duggar,OF,3,0,0,0,0,.158,13,LAA,63843faa972915bc12d38fca
2,0,18,.222,29,3,0,8,4,0,0,.333,.666,Pedro Severino,C,0,1,0,0,0,.333,7,MIL,63843faa972915bc12d38fcb
1,0,18,.056,26,0,0,6,1,0,0,.056,.167,Ernie Clement,2B,1,0,0,0,0,.111,2,OAK,63843faa972915bc12d38fcc
0,0,18,.111,27,1,0,11,2,0,0,.158,.269,Bryce Johnson,OF,1,2,0,0,0,.111,7,SF,63843faa972915bc12d38fcd
0,0,18,.056,27,4,0,22,1,0,1,.227,.449,Caleb Hamilton,C,5,1,0,0,1,.222,14,MIN,63843faa972915bc12d38fce
2,0,18,.222,26,0,0,7,4,0,0,.222,.555,Carlos Perez,C,0,2,0,0,0,.333,2,CWS,63843faa972915bc12d38fcf
0,0,18,.111,22,2,0,11,2,0,0,.190,.301,Ivan Herrera,C,0,1,0,1,1,.111,8,STL,63843faa972915bc12d38fd0
0,0,18,.111,25,2,0,7,2,0,1,.182,.460,Ford Proctor,C,3,6,0,2,0,.278,3,SF,63843faa972915bc12d38fd1
0,0,17,.059,28,0,0,8,1,0,0,.059,.118,Jose Godoy,C,1,1,0,0,0,.059,7,PIT,63843faa972915bc12d38fd2
0,0,17,.176,29,2,1,8,3,0,0,.263,.439,Steven Duggar,OF,2,0,1,0,0,.176,12,TEX,63843faa972915bc12d38fd3
0,0,17,.176,25,1,0,9,3,0,1,.211,.564,Conner Capel,OF,1,2,0,1,0,.353,2,STL,63843faa972915bc12d38fd4
2,0,17,.118,28,0,0,8,2,0,0,.118,.353,Brett Phillips,OF,1,1,0,0,0,.235,9,BAL,63843faa972915bc12d38fd5
0,0,17,.118,26,0,0,8,2,0,0,.118,.236,Bobby Bradley,1B,1,0,0,0,0,.118,9,CLE,63843faa972915bc12d38fd6
1,0,16,.250,30,0,0,9,4,0,0,.250,.563,Bradley Zimmer,OF,4,0,0,0,0,.313,4,PHI,63843faa972915bc12d38fd7
0,0,16,.125,28,0,0,6,2,0,1,.118,.431,Mark Mathias,2B,2,4,1,1,0,.313,4,MIL,63843faa972915bc12d38fd8
0,0,16,.188,27,1,0,8,3,0,0,.235,.423,Miles Mastrobuoni,2B,1,0,1,0,0,.188,6,TB,63843faa972915bc12d38fd9
0,0,15,.267,29,1,0,6,4,0,0,.313,.580,Pablo Reyes,3B,1,0,0,0,0,.267,2,MIL,63843faa972915bc12d38fda
2,0,15,.267,31,0,0,10,4,0,0,.267,.667,Tyler Heineman,C,2,1,0,0,1,.400,4,TOR,63843faa972915bc12d38fdb
0,0,15,.200,30,1,0,5,3,1,0,.294,.494,Dixon Machado,SS,1,0,0,0,0,.200,5,SF,63843faa972915bc12d38fdc
0,0,15,.133,33,6,0,9,2,0,0,.381,.514,Sandy Leon,C,0,0,0,0,0,.133,4,CLE,63843faa972915bc12d38fdd
0,0,14,.143,30,2,0,6,2,0,0,.250,.393,Michael Perez,C,2,3,0,0,0,.143,6,NYM,63843faa972915bc12d38fde
0,0,14,.071,31,2,1,6,1,0,0,.188,.259,Trayce Thompson,OF,1,2,0,0,0,.071,7,SD,63843faa972915bc12d38fdf
0,0,14,.143,35,1,0,5,2,1,0,.235,.378,Manny Pina,C,1,2,0,1,0,.143,1,ATL,63843faa972915bc12d38fe0
1,0,14,.214,30,0,0,5,3,0,0,.214,.500,Brandon Dixon,1B,1,1,0,0,0,.286,5,SD,63843faa972915bc12d38fe1
0,0,14,.071,28,1,0,5,1,1,0,.188,.259,Austin Allen,C,1,0,0,0,0,.071,9,OAK,63843faa972915bc12d38fe2
0,0,14,.143,26,0,0,4,2,1,0,.200,.343,Rylan Bannon,2B,0,0,0,0,0,.143,5,BAL,63843faa972915bc12d38fe3
0,0,14,.071,26,2,0,5,1,0,1,.188,.474,Steele Walker,OF,1,1,0,0,0,.286,4,TEX,63843faa972915bc12d38fe4
0,0,14,.286,22,2,0,5,4,0,0,.375,.661,"Logan O'Hoppe",C,1,2,0,0,0,.286,3,LAA,63843faa972915bc12d38fe5
0,0,13,.077,22,1,0,4,1,0,0,.143,.220,Israel Pineda,C,1,0,0,0,0,.077,7,WAS,63843faa972915bc12d38fe6
2,0,13,.462,25,2,0,4,6,1,1,.563,1.409,James Outman,OF,6,3,0,0,0,.846,7,LAD,63843faa972915bc12d38fe7
0,0,13,.000,27,1,0,6,0,0,0,.071,.071,David MacKinnon,1B,2,0,0,0,0,.000,5,OAK,63843faa972915bc12d38fe8
1,0,13,.154,26,1,0,6,2,0,0,.214,.445,Drew Ellis,3B,2,1,0,0,0,.231,6,ARI,63843faa972915bc12d38fe9
0,0,13,.077,32,1,0,20,1,0,0,.143,.220,Billy Hamilton,OF,9,0,7,0,1,.077,8,MIA,63843faa972915bc12d38fea
1,0,13,.154,33,3,0,6,2,0,0,.313,.544,Ehire Adrianza,OF,3,0,0,0,0,.231,3,ATL,63843faa972915bc12d38feb
0,0,12,.167,27,0,0,7,2,1,0,.231,.398,Chris Okey,C,3,0,0,0,0,.167,5,CIN,63843faa972915bc12d38fec
0,0,12,.250,26,0,0,5,3,0,0,.250,.500,Alex Jackson,C,0,0,0,0,0,.250,7,MIL,63843faa972915bc12d38fed
1,0,12,.083,33,1,0,4,1,0,0,.154,.321,Kevin Pillar,OF,1,0,0,0,0,.167,4,LAD,63843faa972915bc12d38fee
0,0,12,.167,28,4,0,12,2,0,0,.375,.542,Alex Call,OF,2,0,0,0,0,.167,4,CLE,63843faa972915bc12d38fef
1,0,12,.250,26,0,0,8,3,0,0,.250,.583,Luke Williams,OF,1,3,0,0,0,.333,4,SF,63843faa972915bc12d38ff0
0,0,12,.167,26,0,0,4,2,0,0,.167,.334,Kevin Padlo,3B,0,0,0,0,0,.167,4,SF,63843faa972915bc12d38ff1
1,0,12,.167,21,2,0,5,2,0,1,.286,.786,Francisco Alvarez,C,3,1,0,0,0,.500,4,NYM,63843faa972915bc12d38ff2
0,0,12,.083,24,3,0,6,1,0,0,.267,.350,Bryan Lavastida,C,0,0,0,0,0,.083,4,CLE,63843faa972915bc12d38ff3
0,0,11,.091,29,2,0,8,1,1,0,.286,.377,Dillon Thomas,OF,1,0,0,0,0,.091,6,LAA,63843faa972915bc12d38ff4
0,0,11,.091,27,3,0,10,1,0,1,.286,.650,Zach McKinstry,2B,4,2,0,0,0,.364,4,LAD,63843faa972915bc12d38ff5
0,0,11,.000,26,0,0,3,0,0,0,.000,.000,Kevin Padlo,3B,0,0,0,0,0,.000,1,PIT,63843faa972915bc12d38ff6
0,0,11,.000,26,0,0,5,0,0,0,.000,.000,Aaron Whitefield,OF,0,0,0,0,0,.000,5,LAA,63843faa972915bc12d38ff7
0,0,11,.273,31,0,0,3,3,0,0,.273,.546,Kevin Plawecki,C,0,1,0,0,0,.273,4,TEX,63843faa972915bc12d38ff8
0,0,11,.182,27,2,0,9,2,1,1,.357,.812,Monte Harrison,OF,5,3,1,0,0,.455,8,LAA,63843faa972915bc12d38ff9
1,0,10,.300,35,1,0,8,3,0,0,.364,.764,Dustin Garneau,C,1,1,0,0,0,.400,4,DET,63843faa972915bc12d38ffa
0,0,10,.000,27,0,0,4,0,0,0,.000,.000,Yu Chang,3B,0,0,0,0,0,.000,7,CLE,63843faa972915bc12d38ffb
0,0,10,.100,31,3,0,5,1,0,1,.308,.708,Matt Davidson,DH,1,1,0,0,0,.400,3,ARI,63843faa972915bc12d38ffc
1,0,10,.300,27,0,0,3,3,1,1,.364,1.064,Joe Dunand,3B,2,1,0,0,0,.700,3,MIA,63843faa972915bc12d38ffd
0,0,10,.200,25,1,0,3,2,0,0,.273,.473,Brendon Davis,3B,2,0,1,0,0,.200,3,DET,63843faa972915bc12d38ffe
1,0,10,.200,26,1,0,6,2,0,0,.273,.573,Kevin Padlo,3B,0,3,0,0,0,.300,5,SEA,63843faa972915bc12d38fff
0,0,10,.000,24,0,0,6,0,0,0,.000,.000,Jonathan Arauz,2B,1,1,0,1,1,.000,3,BOS,63843faa972915bc12d39000
0,0,9,.000,30,1,0,4,0,0,0,.100,.100,Christian Lopes,2B,0,0,0,0,0,.000,5,OAK,63843faa972915bc12d39001
0,0,9,.000,26,1,0,5,0,0,0,.100,.100,Michael Papierski,C,1,0,0,0,0,.000,4,SF,63843faa972915bc12d39002
0,0,9,.000,27,2,0,6,0,0,0,.154,.154,Zack Short,SS,2,2,1,2,0,.000,5,DET,63843faa972915bc12d39003
0,0,9,.667,24,1,1,8,6,0,0,.700,1.367,Otto Lopez,2B,0,3,0,0,0,.667,1,TOR,63843faa972915bc12d39004
0,0,9,.111,25,0,0,5,1,0,0,.111,.222,Travis Swaggerty,OF,0,0,0,0,0,.111,4,PIT,63843faa972915bc12d39005
0,0,8,.000,22,0,0,5,0,0,0,.000,.000,Bo Naylor,C,0,0,0,0,0,.000,5,CLE,63843faa972915bc12d39006
1,0,8,.125,24,1,0,6,1,0,0,.222,.472,Yainer Diaz,C,0,1,0,0,0,.250,2,HOU,63843faa972915bc12d39007
1,0,8,.250,27,0,0,4,2,0,0,.222,.597,Narciso Crook,OF,1,2,0,1,0,.375,3,CHC,63843faa972915bc12d39008
0,0,8,.125,32,0,0,11,1,0,0,.125,.250,Ender Inciarte,OF,1,0,0,0,0,.125,0,NYM,63843faa972915bc12d39009
0,0,8,.250,34,0,0,3,2,0,0,.250,.500,Austin Romine,C,0,0,0,0,1,.250,3,LAA,63843faa972915bc12d3900a
0,0,8,.125,28,1,0,4,1,0,0,.222,.347,Willie Calhoun,OF,0,1,0,0,0,.125,2,SF,63843faa972915bc12d3900b
0,0,8,.375,29,1,0,3,3,0,0,.444,.819,Austin Dean,OF,1,0,0,0,0,.375,0,SF,63843faa972915bc12d3900c
0,0,8,.125,33,2,0,3,1,0,0,.300,.425,Jason Krizan,OF,0,0,0,0,0,.125,3,SF,63843faa972915bc12d3900d
0,0,8,.000,26,0,0,5,0,0,0,.000,.000,Stuart Fairchild,OF,1,0,0,0,0,.000,3,SF,63843faa972915bc12d3900e
0,0,8,.000,23,1,0,3,0,0,0,.111,.111,Esteury Ruiz,OF,2,0,0,0,0,.000,2,MIL,63843faa972915bc12d3900f
0,0,7,.000,30,1,0,5,0,0,0,.125,.125,Mike Ford,1B,0,0,0,0,0,.000,2,ATL,63843faa972915bc12d39010
0,0,7,.000,28,0,0,2,0,0,0,.000,.000,Brent Rooker,OF,0,0,0,0,0,.000,4,SD,63843faa972915bc12d39011
0,0,7,.143,23,0,0,9,1,1,0,.250,.393,Simon Muzziotti,OF,0,0,0,0,1,.143,2,PHI,63843faa972915bc12d39012
0,0,7,.000,32,1,1,17,0,0,0,.125,.125,Billy Hamilton,OF,4,0,3,0,0,.000,4,MIN,63843faa972915bc12d39013
1,0,7,.143,28,3,0,8,1,0,0,.400,.686,Gosuke Katoh,2B,2,0,0,0,1,.286,1,TOR,63843faa972915bc12d39014
0,0,7,.143,31,0,0,10,1,0,0,.143,.286,Terrance Gore,OF,1,0,3,0,1,.143,3,NYM,63843faa972915bc12d39015
0,0,7,.000,27,0,1,3,0,0,0,.000,.000,Freddy Fermin,C,1,0,0,0,0,.000,3,KC,63843faa972915bc12d39016
0,0,7,.286,29,0,0,5,2,0,0,.286,.572,Dairon Blanco,OF,1,2,1,0,0,.286,4,KC,63843faa972915bc12d39017
0,0,6,.167,30,2,0,2,1,0,0,.375,.542,Grayson Greiner,C,0,0,0,0,0,.167,3,ARI,63843faa972915bc12d39018
0,0,6,.000,28,0,0,3,0,0,0,.000,.000,Ronald Guzman,1B,0,0,0,0,0,.000,5,NYY,63843faa972915bc12d39019
0,0,6,.000,32,0,0,5,0,0,0,.000,.000,Deven Marrero,SS,0,0,1,0,0,.000,3,NYM,63843faa972915bc12d3901a
0,0,6,.167,33,0,0,2,1,0,0,.167,.334,Taylor Motter,SS,0,0,0,0,0,.167,3,CIN,63843faa972915bc12d3901b
0,0,6,.000,30,0,0,3,0,0,0,.000,.000,Wilmer Difo,2B,0,0,0,0,0,.000,1,ARI,63843faa972915bc12d3901c
0,0,5,.000,26,0,0,7,0,0,0,.000,.000,Luis Liberato,OF,0,0,0,0,0,.000,3,SD,63843faa972915bc12d3901d
1,0,5,.200,23,1,0,3,1,1,0,.429,.829,Canaan Smith-Njigba,OF,1,0,0,0,0,.400,0,PIT,63843faa972915bc12d3901e
0,0,5,.200,23,1,0,7,1,0,0,.333,.533,Eguy Rosario,2B,0,0,0,0,0,.200,2,SD,63843faa972915bc12d3901f
0,0,5,.200,26,1,0,3,1,0,0,.333,.533,Marcus Wilson,OF,1,0,0,0,0,.200,4,SEA,63843faa972915bc12d39020
0,0,5,.000,28,0,0,2,0,0,0,.000,.000,Josh Lester,1B,0,0,0,0,0,.000,3,DET,63843faa972915bc12d39021
0,0,5,.200,26,2,0,8,1,0,0,.429,.629,Vinny Capra,OF,2,0,0,0,0,.200,1,TOR,63843faa972915bc12d39022
0,0,4,.000,27,2,0,4,0,0,0,.333,.333,Mickey McDonald,OF,0,0,0,0,0,.000,3,OAK,63843faa972915bc12d39023
2,0,4,.750,27,0,0,1,3,0,0,.750,2.000,Chadwick Tromp,C,0,3,0,0,0,1.250,0,ATL,63843faa972915bc12d39024
0,0,4,.000,31,0,0,2,0,0,0,.000,.000,Andrew Knapp,C,0,0,0,0,0,.000,3,SEA,63843faa972915bc12d39025
0,0,4,.250,31,2,0,3,1,0,0,.429,.679,Andrew Knapp,C,2,2,0,1,0,.250,0,SF,63843faa972915bc12d39026
0,0,4,.250,28,0,0,2,1,0,0,.250,.500,Anthony Alford,OF,0,0,0,0,0,.250,2,PIT,63843faa972915bc12d39027
0,0,4,.000,30,0,0,2,0,0,0,.000,.000,Tony Wolters,C,0,0,0,0,0,.000,3,LAD,63843faa972915bc12d39028
0,0,4,.250,30,0,0,1,1,0,0,.250,.500,Mike Ford,1B,0,2,0,0,0,.250,0,SF,63843faa972915bc12d39029
0,0,4,.000,26,0,0,6,0,0,0,.000,.000,Brewer Hicklen,OF,1,0,0,0,0,.000,4,KC,63843faa972915bc12d3902a
0,0,4,.250,31,0,0,2,1,0,0,.250,.500,JT Riddle,3B,0,0,0,0,0,.250,1,CIN,63843faa972915bc12d3902b
0,0,4,.250,24,1,0,2,1,0,0,.400,.650,Mario Feliciano,C,0,0,0,0,0,.250,1,MIL,63843faa972915bc12d3902c
0,0,3,.000,27,0,0,1,0,0,0,.000,.000,Ronnie Dawson,OF,0,0,0,0,0,.000,2,CIN,63843faa972915bc12d3902d
0,0,3,.333,26,0,0,1,1,0,0,.333,.666,Drew Ellis,3B,0,0,0,0,0,.333,1,SEA,63843faa972915bc12d3902e
0,0,3,.000,26,0,0,3,0,0,0,.000,.000,Stuart Fairchild,OF,0,0,0,0,0,.000,2,SEA,63843faa972915bc12d3902f
0,0,3,.000,29,0,0,3,0,0,0,.000,.000,Drew Jackson,2B,0,0,0,0,0,.000,1,OAK,63843faa972915bc12d39030
0,0,3,.000,28,0,0,3,0,0,0,.000,.000,DJ Stewart,OF,0,0,0,0,0,.000,2,BAL,63843faa972915bc12d39031
0,0,3,.000,26,0,0,1,0,0,0,.000,.000,Travis Blankenhorn,3B,0,0,0,0,0,.000,1,NYM,63843faa972915bc12d39032
1,0,3,.333,33,0,0,1,1,0,0,.333,1.000,Rob Brantly,C,0,0,0,0,0,.667,0,NYY,63843faa972915bc12d39033
0,0,3,.333,21,1,0,1,1,0,0,.500,.833,Liover Peguero,SS,0,0,0,0,0,.333,2,PIT,63843faa972915bc12d39034
0,0,3,.333,29,1,0,2,1,0,0,.500,.833,"Brian O'Keefe",C,0,0,0,0,0,.333,2,SEA,63843faa972915bc12d39035
0,0,3,.000,28,2,0,2,0,0,0,.400,.400,Jose Godoy,C,2,0,0,0,0,.000,2,MIN,63843faa972915bc12d39036
0,0,3,.000,26,1,0,3,0,0,0,.250,.250,Donny Sands,C,0,0,0,0,0,.000,1,PHI,63843faa972915bc12d39037
0,0,2,.500,24,0,0,2,1,0,1,.500,2.500,Khalil Lee,OF,1,3,0,0,0,2.000,0,NYM,63843faa972915bc12d39038
0,0,1,.000,22,0,0,1,0,0,0,.000,.000,Joe Perez,3B,0,0,0,0,0,.000,1,HOU,63843faa972915bc12d39039
0,0,1,.000,28,0,0,2,0,0,0,.000,.000,Kramer Robertson,SS,0,1,0,0,0,.000,0,STL,63843faa972915bc12d3903a
0,0,1,.000,26,0,0,1,0,0,0,.000,.000,Yusniel Diaz,OF,0,0,0,0,0,.000,1,BAL,63843faa972915bc12d3903b
0,0,1,.000,31,0,0,1,0,0,0,.000,.000,Travis Jankowski,OF,0,0,0,0,0,.000,1,SEA,63843faa972915bc12d3903c
0,0,1,.000,27,0,0,1,0,0,0,.000,.000,Oscar Mercado,OF,0,0,0,0,0,.000,1,PHI,63843faa972915bc12d3903d
0,0,1,.000,27,0,0,1,0,0,0,.000,.000,Jack Larsen,OF,0,0,0,0,0,.000,1,SEA,63843faa972915bc12d3903e
0,0,1,.000,28,0,0,1,0,0,0,.000,.000,Taylor Jones,1B,0,0,0,0,0,.000,0,HOU,63843faa972915bc12d3903f
0,0,1,.000,28,0,0,1,0,0,0,.000,.000,"Ka'ai Tom",OF,0,0,0,0,0,.000,0,SF,63843faa972915bc12d39040