Age,BB,BS,CG,ER,ERA,G,GS,H,HLD,HR,IP,K,L,Player,SHO,SV,Team,W,WHIP,_id
27,50,0,6,58,2.28,32,32,174,0,16,228.2,207,9,Sandy Alcantara,1,0,MIA,14,0.98,63843fcb972915bc12d39042
29,29,0,2,74,3.25,32,32,168,0,19,205.0,235,13,Aaron Nola,1,0,PHI,11,0.96,63843fcb972915bc12d39043
34,39,0,1,74,3.29,33,32,170,0,25,202.1,153,13,Miles Mikolas,0,0,STL,12,1.03,63843fcb972915bc12d39044
28,51,0,0,66,2.94,33,33,144,0,23,202.0,243,8,Corbin Burnes,0,0,MIL,12,0.97,63843fcb972915bc12d39045
29,67,0,3,63,2.82,31,31,166,0,11,201.1,194,6,Framber Valdez,1,0,HOU,17,1.16,63843fcb972915bc12d39046
32,50,0,0,78,3.50,33,33,154,0,33,200.2,257,8,Gerrit Cole,0,0,NYY,13,1.02,63843fcb972915bc12d39047
34,61,0,0,75,3.37,33,33,167,0,21,200.1,177,8,Merrill Kelly,0,0,ARI,13,1.14,63843fcb972915bc12d39048
27,36,0,1,64,2.88,31,31,172,0,18,200.0,198,8,Shane Bieber,0,0,CLE,13,1.04,63843fcb972915bc12d39049
24,51,0,0,49,2.24,31,31,144,0,16,196.2,180,7,Alek Manoah,0,0,TOR,16,0.99,63843fcb972915bc12d3904a
31,69,0,1,63,2.89,32,32,178,0,11,196.1,169,8,Martin Perez,1,0,TEX,12,1.26,63843fcb972915bc12d3904b
36,37,0,0,67,3.10,30,30,148,0,22,194.2,197,8,Yu Darvish,0,0,SD,16,0.95,63843fcb972915bc12d3904c
26,49,0,0,62,2.90,32,32,174,0,11,192.1,163,9,Logan Webb,0,0,SF,15,1.16,63843fcb972915bc12d3904d
41,54,0,1,79,3.71,32,32,192,0,16,191.2,143,12,Adam Wainwright,0,0,STL,11,1.28,63843fcb972915bc12d3904e
25,44,0,0,63,2.96,31,30,138,0,25,191.1,190,11,Triston McKenzie,0,0,CLE,11,0.95,63843fcb972915bc12d3904f
31,62,0,0,78,3.71,32,32,163,0,32,189.0,212,12,Robbie Ray,0,0,SEA,12,1.19,63843fcb972915bc12d39050
27,47,0,0,70,3.38,32,32,178,0,21,186.1,128,5,Cal Quantrill,0,0,CLE,15,1.21,63843fcb972915bc12d39051
25,49,0,0,66,3.20,32,32,170,0,19,185.2,174,6,Logan Gilbert,0,0,SEA,13,1.18,63843fcb972915bc12d39052
28,32,0,0,51,2.48,30,30,156,0,12,185.1,170,7,Max Fried,0,0,ATL,14,1.01,63843fcb972915bc12d39053
27,47,0,0,52,2.54,31,31,121,0,15,184.0,192,4,Zac Gallen,0,0,ARI,12,0.91,63843fcb972915bc12d39054
26,78,0,1,45,2.20,32,32,126,0,16,184.0,227,8,Dylan Cease,1,0,CWS,14,1.11,63843fcb972915bc12d39055
30,50,0,0,84,4.13,32,32,194,0,30,183.0,103,15,Marco Gonzales,0,0,SEA,10,1.33,63843fcb972915bc12d39056
33,49,0,0,69,3.42,30,30,159,0,19,181.2,167,9,Chris Bassitt,0,0,NYM,15,1.14,63843fcb972915bc12d39057
27,63,0,0,100,4.95,31,31,185,0,30,181.2,150,13,German Marquez,0,0,COL,9,1.37,63843fcb972915bc12d39058
28,36,0,0,80,3.98,30,30,174,0,25,181.0,128,13,Cole Irvin,0,0,OAK,9,1.16,63843fcb972915bc12d39059
29,42,0,0,59,2.93,30,30,154,0,22,181.0,184,7,Joe Musgrove,0,0,SD,10,1.08,63843fcb972915bc12d3905a
27,53,0,0,64,3.19,30,30,156,0,19,180.1,174,5,Kyle Wright,0,0,ATL,21,1.16,63843fcb972915bc12d3905b
26,53,0,0,75,3.75,32,32,157,0,21,180.0,174,10,Pablo Lopez,0,0,MIA,10,1.17,63843fcb972915bc12d3905c
29,73,0,1,91,4.56,33,33,175,0,27,179.2,175,12,Nick Pivetta,0,0,BOS,10,1.38,63843fcb972915bc12d3905d
32,52,0,1,88,4.42,32,32,196,0,26,179.0,144,11,Jordan Lyles,0,0,BAL,12,1.39,63843fcb972915bc12d3905e
32,34,0,0,51,2.57,30,28,145,0,14,178.2,138,5,Tyler Anderson,0,0,LAD,15,1.00,63843fcb972915bc12d3905f
29,52,0,1,57,2.88,31,31,131,0,12,178.0,237,8,Carlos Rodon,0,0,SF,14,1.03,63843fcb972915bc12d39060
31,32,0,0,77,3.91,32,32,168,0,26,177.1,151,5,Jameson Taillon,0,0,NYY,14,1.13,63843fcb972915bc12d39061
26,41,0,0,42,2.16,31,31,127,0,23,175.0,166,7,Julio Urias,0,0,LAD,17,0.96,63843fcb972915bc12d39062
39,29,0,0,34,1.75,28,28,116,0,12,175.0,185,4,Justin Verlander,0,0,HOU,18,0.83,63843fcb972915bc12d39063
29,53,0,0,88,4.53,31,31,193,0,19,174.2,131,11,Kyle Freeland,0,0,COL,9,1.41,63843fcb972915bc12d39064
31,28,0,0,65,3.35,31,31,188,0,15,174.2,205,10,Kevin Gausman,0,0,TOR,12,1.24,63843fcb972915bc12d39065
28,45,0,0,100,5.23,32,32,199,0,29,172.0,149,7,Jose Berrios,0,0,TOR,12,1.42,63843fcb972915bc12d39066
39,63,0,0,83,4.34,31,31,149,0,28,172.0,205,6,Charlie Morton,0,0,ATL,9,1.23,63843fcb972915bc12d39067
35,48,0,0,94,5.05,31,31,176,0,24,167.2,144,8,Kyle Gibson,0,0,PHI,10,1.34,63843fcb972915bc12d39068
25,38,0,0,47,2.54,28,28,116,0,19,166.1,194,8,Shane McClanahan,0,0,TB,12,0.93,63843fcb972915bc12d39069
28,44,0,0,43,2.33,157,28,124,0,14,166.0,219,9,Shohei Ohtani,0,0,LAA,15,1.01,63843fcb972915bc12d3906a
27,38,0,0,72,3.94,29,28,154,0,29,164.1,134,8,Jose Urquidy,0,0,HOU,13,1.17,63843fcb972915bc12d3906b
36,21,0,0,79,4.34,31,31,178,0,20,164.0,139,10,Corey Kluber,0,0,TB,10,1.21,63843fcb972915bc12d3906c
28,61,0,0,88,4.90,30,30,171,0,24,161.2,177,9,Lucas Giolito,0,0,CWS,11,1.44,63843fcb972915bc12d3906d
26,60,0,0,69,3.91,31,29,162,0,14,159.0,138,12,Mitch Keller,0,0,PIT,5,1.40,63843fcb972915bc12d3906e
27,59,0,0,65,3.69,29,29,135,0,27,158.2,157,7,Eric Lauer,0,0,MIL,11,1.22,63843fcb972915bc12d3906f
33,49,0,0,86,4.88,30,30,179,0,25,158.2,112,15,Madison Bumgarner,0,0,ARI,7,1.44,63843fcb972915bc12d39070
36,33,0,1,59,3.35,25,24,161,0,15,158.1,102,10,Johnny Cueto,0,0,CWS,8,1.23,63843fcb972915bc12d39071
27,38,0,1,43,2.44,28,28,108,0,16,158.1,163,4,Nestor Cortes,1,0,NYY,12,0.92,63843fcb972915bc12d39072
30,50,0,0,87,4.96,30,28,155,0,29,158.0,156,9,Sean Manaea,0,0,SD,8,1.30,63843fcb972915bc12d39073
30,45,0,0,61,3.49,29,29,143,0,15,157.1,132,5,Taijuan Walker,0,0,NYM,12,1.19,63843fcb972915bc12d39074
25,47,0,0,65,3.72,28,28,131,0,23,157.1,157,8,Luis Garcia,0,0,HOU,15,1.13,63843fcb972915bc12d39075
27,58,0,0,63,3.65,29,29,149,0,15,155.1,129,7,Ranger Suarez,0,0,PHI,10,1.33,63843fcb972915bc12d39076
29,42,0,0,52,3.05,27,27,122,0,18,153.1,190,4,Brandon Woodruff,0,0,MIL,13,1.07,63843fcb972915bc12d39077
27,62,0,0,76,4.46,29,29,158,0,20,153.1,137,8,Dane Dunning,0,0,TEX,4,1.43,63843fcb972915bc12d39078
26,35,0,0,55,3.23,27,24,140,0,18,153.1,150,5,Brady Singer,0,0,KC,10,1.14,63843fcb972915bc12d39079
32,34,0,0,48,2.82,26,26,125,0,13,153.0,163,7,Zack Wheeler,0,0,PHI,12,1.04,63843fcb972915bc12d3907a
33,49,0,1,107,6.31,31,31,210,0,27,152.2,128,19,Patrick Corbin,0,0,WAS,6,1.70,63843fcb972915bc12d3907b
35,41,0,0,67,3.97,29,29,161,0,17,152.0,152,7,Carlos Carrasco,0,0,NYM,15,1.33,63843fcb972915bc12d3907c
35,43,0,0,62,3.73,28,28,152,0,9,149.2,151,8,Alex Cobb,0,0,SF,7,1.30,63843fcb972915bc12d3907d
25,52,0,0,42,2.54,30,25,89,0,17,148.2,194,9,Cristian Javier,0,0,HOU,11,0.95,63843fcb972915bc12d3907e
26,60,0,1,48,2.91,27,27,139,0,8,148.2,151,9,Patrick Sandoval,1,0,LAA,6,1.34,63843fcb972915bc12d3907f
24,66,0,0,83,5.02,28,28,136,0,38,148.2,154,10,Josiah Gray,0,0,WAS,7,1.36,63843fcb972915bc12d39080
26,47,0,0,58,3.55,27,27,115,0,20,147.0,151,8,Joe Ryan,0,0,MIN,13,1.10,63843fcb972915bc12d39081
27,31,0,0,46,2.84,28,28,121,0,13,146.0,125,7,Drew Rasmussen,0,0,TB,11,1.04,63843fcb972915bc12d39082
38,24,0,0,37,2.29,23,23,108,0,13,145.1,173,5,Max Scherzer,0,0,NYM,11,0.91,63843fcb972915bc12d39083
29,54,0,0,75,4.69,28,28,157,0,17,144.0,147,12,JT Brubaker,0,0,PIT,3,1.47,63843fcb972915bc12d39084
30,28,0,0,76,4.89,29,29,151,0,24,140.0,94,8,Dylan Bundy,0,0,MIN,8,1.28,63843fcb972915bc12d39085
27,57,0,0,79,5.09,35,22,153,1,17,139.2,102,14,Brad Keller,0,1,KC,6,1.50,63843fcb972915bc12d39086
28,61,0,0,69,4.45,27,26,141,0,9,139.2,78,7,Dakota Hudson,0,0,STL,8,1.45,63843fcb972915bc12d39087
31,36,0,0,54,3.50,25,25,123,0,16,138.2,119,7,Marcus Stroman,0,0,CHC,6,1.15,63843fcb972915bc12d39088
28,51,0,0,57,3.73,33,22,132,0,17,137.2,95,9,Chris Flexen,0,2,SEA,8,1.33,63843fcb972915bc12d39089
30,58,0,1,87,5.72,27,27,155,0,25,137.0,110,11,Chad Kuhl,1,0,COL,6,1.55,63843fcb972915bc12d3908a
39,27,0,0,56,3.68,26,26,157,0,14,137.0,73,9,Zack Greinke,0,0,KC,4,1.34,63843fcb972915bc12d3908b
26,62,0,0,70,4.64,27,27,119,0,21,135.2,107,10,Glenn Otto,0,0,TEX,7,1.33,63843fcb972915bc12d3908c
30,31,0,0,37,2.46,33,25,114,0,14,135.1,144,5,Jeffrey Springs,0,0,TB,9,1.07,63843fcb972915bc12d3908d
29,52,0,0,61,4.09,27,27,122,0,21,134.1,102,5,Zach Davies,0,0,ARI,2,1.30,63843fcb972915bc12d3908e
33,20,0,0,45,3.01,32,24,117,0,12,134.1,111,4,Ross Stripling,0,1,TOR,10,1.02,63843fcb972915bc12d3908f
28,59,0,0,63,4.23,26,26,121,0,16,134.0,98,9,James Kaprielian,0,0,OAK,5,1.34,63843fcb972915bc12d39090
24,45,1,0,39,2.67,31,20,86,2,7,131.2,202,5,Spencer Strider,0,0,ATL,11,0.99,63843fcb972915bc12d39091
26,52,0,0,75,5.13,27,27,155,0,21,131.2,122,13,Daniel Lynch,0,0,KC,4,1.57,63843fcb972915bc12d39092
27,38,0,0,63,4.31,25,24,136,0,19,131.2,100,12,Zach Plesac,0,0,CLE,3,1.32,63843fcb972915bc12d39093
31,30,0,0,74,5.10,26,26,132,0,17,130.2,131,12,Alex Wood,0,0,SF,8,1.24,63843fcb972915bc12d39094
28,35,0,0,31,2.14,24,24,79,0,11,130.1,119,1,Tony Gonsolin,0,0,LAD,16,0.87,63843fcb972915bc12d39095
24,22,0,0,49,3.39,25,25,135,0,13,130.0,133,5,George Kirby,0,0,SEA,8,1.21,63843fcb972915bc12d39096
25,63,0,0,80,5.58,28,27,156,0,18,129.0,110,13,Kris Bubic,0,0,KC,3,1.70,63843fcb972915bc12d39097
23,46,0,1,54,3.77,25,25,110,0,13,129.0,122,6,Reid Detmers,1,0,LAA,7,1.21,63843fcb972915bc12d39098
29,51,0,0,48,3.38,24,24,103,0,11,128.0,171,10,Blake Snell,0,0,SD,8,1.20,63843fcb972915bc12d39099
31,31,0,1,47,3.32,23,23,111,0,18,127.1,104,2,Michael Wacha,1,0,BOS,11,1.12,63843fcb972915bc12d3909a
31,39,0,0,56,3.96,24,24,105,0,17,127.1,134,7,Jon Gray,0,0,TEX,7,1.13,63843fcb972915bc12d3909b
29,58,0,0,82,5.81,27,27,149,0,21,127.0,94,13,Erick Fedde,0,0,WAS,6,1.63,63843fcb972915bc12d3909c
34,23,0,0,32,2.28,22,22,96,0,10,126.1,137,3,Clayton Kershaw,0,0,LAD,12,0.94,63843fcb972915bc12d3909d
23,48,0,1,62,4.44,24,24,104,0,24,125.2,164,13,Hunter Greene,1,0,CIN,5,1.21,63843fcb972915bc12d3909e
26,34,0,1,45,3.23,22,21,123,0,11,125.1,87,7,Dean Kremer,1,0,BAL,8,1.25,63843fcb972915bc12d3909f
29,34,0,0,77,5.56,33,17,137,0,20,124.2,95,7,Austin Gomber,0,0,COL,5,1.37,63843fcb972915bc12d390a0
42,37,0,0,59,4.27,26,26,125,0,15,124.1,109,7,Rich Hill,0,0,BOS,8,1.30,63843fcb972915bc12d390a1
29,46,0,0,70,5.18,29,22,138,0,19,121.2,90,10,Zach Thompson,0,0,PIT,3,1.51,63843fcb972915bc12d390a2
35,19,0,0,54,3.99,21,21,119,0,19,121.2,124,7,Lance Lynn,0,0,CWS,8,1.13,63843fcb972915bc12d390a3
33,36,0,0,41,3.08,24,24,99,0,11,119.2,117,5,Sonny Gray,0,0,MIN,8,1.13,63843fcb972915bc12d390a4
26,57,0,0,47,3.54,25,25,85,0,15,119.1,105,9,Michael Kopech,0,0,CWS,5,1.19,63843fcb972915bc12d390a5
27,50,0,0,42,3.18,24,24,111,0,8,119.0,126,7,Justin Steele,0,0,CHC,4,1.35,63843fcb972915bc12d390a6
26,32,0,0,46,3.52,21,21,104,0,9,117.2,117,8,Tarik Skubal,0,0,DET,7,1.16,63843fcb972915bc12d390a7
26,46,0,0,64,4.90,23,23,119,0,17,117.2,111,7,Kyle Bradish,0,0,BAL,4,1.40,63843fcb972915bc12d390a8
24,32,0,0,71,5.52,25,20,132,0,20,115.2,79,9,Bryse Wilson,0,0,PIT,3,1.42,63843fcb972915bc12d390a9
27,43,1,0,48,3.76,29,17,103,0,16,115.0,108,5,Keegan Thompson,0,1,CHC,10,1.27,63843fcb972915bc12d390aa
29,23,0,0,47,3.69,21,21,103,0,15,114.2,97,3,Jordan Montgomery,0,0,NYY,3,1.10,63843fcb972915bc12d390ab
31,35,0,0,55,4.33,23,22,102,0,20,114.1,91,7,Mike Clevinger,0,0,SD,7,1.20,63843fcb972915bc12d390ac
35,24,0,1,61,4.84,42,19,131,0,24,113.1,92,9,Paolo Espino,0,0,WAS,0,1.37,63843fcb972915bc12d390ad
30,25,0,0,55,4.42,23,17,120,0,13,112.0,98,7,Jakob Junis,0,0,SF,5,1.29,63843fcb972915bc12d390ae
24,54,0,0,62,5.00,22,22,115,0,12,111.2,97,6,Ian Anderson,0,0,ATL,10,1.51,63843fcb972915bc12d390af
28,30,0,0,53,4.28,21,21,110,0,15,111.1,89,6,Paul Blackburn,0,0,OAK,7,1.26,63843fcb972915bc12d390b0
32,20,0,2,47,3.87,20,20,115,0,21,109.1,103,3,Nathan Eovaldi,1,0,BOS,6,1.23,63843fcb972915bc12d390b1
24,33,0,0,48,3.96,22,20,103,0,14,109.0,103,8,Jose Suarez,0,0,LAA,8,1.25,63843fcb972915bc12d390b2
24,40,1,0,38,3.17,47,10,113,9,9,108.0,73,5,Andre Pallante,0,0,STL,6,1.42,63843fcb972915bc12d390b3
24,47,0,0,53,4.44,27,19,106,1,15,107.1,126,10,Aaron Ashby,0,1,MIL,2,1.43,63843fcb972915bc12d390b4
25,45,0,0,65,5.47,23,23,116,0,15,107.0,106,11,Trevor Rogers,0,0,MIA,4,1.50,63843fcb972915bc12d390b5
33,26,0,0,41,3.47,22,22,101,0,16,106.1,91,8,Drew Smyly,0,0,CHC,7,1.19,63843fcb972915bc12d390b6
32,41,1,0,41,3.47,47,10,96,8,15,106.1,95,4,Nick Martinez,0,8,SD,4,1.29,63843fcb972915bc12d390b7
27,48,1,0,45,3.83,28,19,93,1,11,105.2,126,5,David Peterson,0,0,NYM,7,1.33,63843fcb972915bc12d390b8
32,42,0,0,53,4.53,28,18,114,0,15,105.1,68,9,Drew Hutchison,0,0,DET,3,1.48,63843fcb972915bc12d390b9
30,30,0,0,55,4.70,23,20,119,0,11,105.1,63,6,Spenser Watkins,0,0,BAL,5,1.41,63843fcb972915bc12d390ba
24,30,0,0,57,4.89,19,19,119,0,11,105.0,71,6,Graham Ashcraft,0,0,CIN,5,1.42,63843fcb972915bc12d390bb
29,28,0,0,37,3.18,19,19,91,0,12,104.2,109,9,Frankie Montas,0,0,OAK,4,1.14,63843fcb972915bc12d390bc
31,27,0,0,36,3.11,21,19,101,0,10,104.1,73,5,Adrian Sampson,0,0,CHC,4,1.23,63843fcb972915bc12d390bd
28,39,0,0,51,4.40,19,19,91,0,12,104.1,114,7,Tyler Mahle,0,0,CIN,5,1.25,63843fcb972915bc12d390be
25,47,0,0,61,5.28,21,21,108,0,19,104.0,70,10,Jonathan Heasley,0,0,KC,4,1.49,63843fcb972915bc12d390bf
28,28,0,0,49,4.25,23,23,90,0,16,103.2,76,7,Tyler Wells,0,0,BAL,7,1.14,63843fcb972915bc12d390c0
24,39,0,0,42,3.66,19,19,90,0,13,103.1,131,7,Nick Lodolo,0,0,CIN,4,1.25,63843fcb972915bc12d390c1
33,31,0,0,40,3.50,20,20,100,0,7,103.0,89,5,Jose Quintana,0,0,PIT,3,1.27,63843fcb972915bc12d390c2
29,47,0,0,54,4.73,22,21,103,0,8,102.2,69,10,Adrian Houser,0,0,MIL,6,1.46,63843fcb972915bc12d390c3
34,48,0,0,52,4.56,25,25,87,0,12,102.2,84,8,Chris Archer,0,0,MIN,2,1.31,63843fcb972915bc12d390c4
28,30,0,0,36,3.18,19,19,72,0,14,102.0,112,3,Luis Severino,0,0,NYY,7,1.00,63843fcb972915bc12d390c5
28,25,0,0,54,4.81,27,17,108,1,18,101.0,61,11,Tyler Alexander,0,0,DET,4,1.32,63843fcb972915bc12d390c6
31,58,0,0,58,5.19,32,20,93,0,23,100.2,124,7,Yusei Kikuchi,0,1,TOR,6,1.50,63843fcb972915bc12d390c7
25,35,0,0,37,3.32,18,18,69,0,10,100.1,120,7,Jesus Luzardo,0,0,MIA,4,1.04,63843fcb972915bc12d390c8
28,43,1,0,57,5.13,31,13,107,2,11,100.0,97,8,Taylor Hearn,0,1,TEX,6,1.50,63843fcb972915bc12d390c9
34,40,0,0,66,6.06,19,19,120,0,24,98.0,76,12,Mike Minor,0,0,CIN,4,1.63,63843fcb972915bc12d390ca
30,44,0,0,46,4.24,18,18,81,0,11,97.2,85,6,Michael Lorenzen,0,0,LAA,8,1.28,63843fcb972915bc12d390cb
26,35,0,0,63,5.83,20,19,102,0,16,97.1,84,9,Ryan Feltner,0,0,COL,4,1.41,63843fcb972915bc12d390cc
27,22,0,0,53,4.92,20,20,93,0,14,97.0,98,6,Aaron Civale,0,0,CLE,5,1.19,63843fcb972915bc12d390cd
23,39,0,0,40,3.79,21,18,82,1,13,95.0,86,5,Roansy Contreras,0,0,PIT,5,1.27,63843fcb972915bc12d390ce
27,23,0,0,52,5.07,19,19,133,0,9,92.1,54,7,Antonio Senzatela,0,0,COL,3,1.69,63843fcb972915bc12d390cf
29,34,0,0,41,4.05,17,17,87,0,12,91.0,72,5,Eduardo Rodriguez,0,0,DET,5,1.33,63843fcb972915bc12d390d0
30,23,1,0,32,3.21,30,9,87,1,12,89.2,84,5,Trevor Williams,0,1,NYM,3,1.23,63843fcb972915bc12d390d1
31,38,0,0,51,5.14,17,17,102,0,10,89.1,60,8,Jose Urena,0,0,COL,3,1.57,63843fcb972915bc12d390d2
25,24,0,0,35,3.58,17,17,86,0,9,88.0,90,7,Braxton Garrett,0,0,MIA,3,1.25,63843fcb972915bc12d390d3
32,14,0,0,28,2.92,60,2,79,5,11,86.1,61,2,Erasmo Ramirez,0,0,WAS,4,1.08,63843fcb972915bc12d390d4
29,28,0,0,27,2.86,14,14,63,0,7,85.0,90,4,Luis Castillo,0,0,CIN,4,1.07,63843fcb972915bc12d390d5
32,24,0,0,45,4.80,16,16,85,0,15,84.1,66,6,Kyle Hendricks,0,0,CHC,4,1.29,63843fcb972915bc12d390d6
25,17,0,0,36,3.86,20,16,85,0,16,84.0,74,4,Bailey Falter,0,0,PHI,6,1.21,63843fcb972915bc12d390d7
30,25,0,0,28,3.04,22,17,77,0,10,83.0,72,4,Austin Voth,0,0,BAL,5,1.23,63843fcb972915bc12d390d8
26,24,5,0,18,1.97,52,0,63,9,9,82.1,90,5,Brock Burke,0,0,TEX,7,1.06,63843fcb972915bc12d390d9
27,20,0,0,29,3.20,45,1,69,3,10,81.2,77,3,Keegan Akin,0,2,BAL,3,1.09,63843fcb972915bc12d390da
24,25,0,0,38,4.19,15,15,73,0,14,81.2,54,6,Beau Brieske,0,0,DET,3,1.20,63843fcb972915bc12d390db
30,28,1,0,41,4.57,46,10,76,5,14,80.2,59,4,Luis Cessa,0,0,CIN,4,1.29,63843fcb972915bc12d390dc
30,22,0,0,40,4.50,20,9,88,0,12,80.0,61,8,Ryan Yarbrough,0,0,TB,3,1.38,63843fcb972915bc12d390dd
30,22,0,0,34,3.83,15,15,75,0,9,80.0,64,8,Noah Syndergaard,0,0,LAA,5,1.21,63843fcb972915bc12d390de
26,19,3,0,23,2.61,35,1,63,5,11,79.1,54,3,Jaime Barria,0,0,LAA,3,1.03,63843fcb972915bc12d390df
26,15,2,0,30,3.45,31,9,65,4,10,78.1,82,2,Garrett Whitlock,0,6,BOS,4,1.02,63843fcb972915bc12d390e0
26,27,1,0,31,3.58,18,17,54,0,6,78.0,86,4,Freddy Peralta,0,0,MIL,4,1.04,63843fcb972915bc12d390e1
26,29,0,0,47,5.47,21,12,81,0,12,77.1,77,6,Kutter Crawford,0,0,BOS,3,1.42,63843fcb972915bc12d390e2
28,38,6,0,37,4.38,60,1,68,16,8,76.0,68,10,Wil Crowe,0,4,PIT,6,1.39,63843fcb972915bc12d390e3
28,15,0,0,34,4.04,20,13,70,2,8,75.2,65,5,Zach Eflin,0,1,PHI,3,1.12,63843fcb972915bc12d390e4
31,23,1,0,30,3.57,68,0,73,15,3,75.2,49,4,Tyler Rogers,0,0,SF,3,1.27,63843fcb972915bc12d390e5
30,25,0,0,40,4.78,27,9,68,1,11,75.1,69,3,Vince Velasquez,0,0,CWS,3,1.23,63843fcb972915bc12d390e6
29,22,4,0,18,2.18,69,0,52,6,9,74.1,77,4,Scott Barlow,0,24,KC,7,1.00,63843fcb972915bc12d390e7
28,39,0,0,52,6.30,19,14,82,1,17,74.1,46,8,Adam Oller,0,0,OAK,2,1.63,63843fcb972915bc12d390e8
33,38,1,0,16,1.95,63,0,49,14,3,74.0,83,2,Matt Moore,0,5,TEX,5,1.18,63843fcb972915bc12d390e9
28,16,1,0,25,3.05,67,0,57,16,6,73.2,60,4,Dillon Tate,0,5,BAL,4,0.99,63843fcb972915bc12d390ea
27,12,0,0,49,5.99,15,13,97,1,21,73.2,49,5,Bruce Zimmermann,0,0,BAL,2,1.48,63843fcb972915bc12d390eb
24,10,4,0,11,1.36,77,0,43,0,3,72.2,77,4,Emmanuel Clase,0,42,CLE,3,0.73,63843fcb972915bc12d390ec
31,19,0,0,25,3.10,16,14,60,0,14,72.2,110,4,Andrew Heaney,0,0,LAD,4,1.09,63843fcb972915bc12d390ed
30,19,0,0,29,3.61,15,14,65,0,11,72.1,58,5,Domingo German,0,0,NYY,2,1.16,63843fcb972915bc12d390ee
28,20,6,0,27,3.36,65,0,56,18,7,72.1,78,4,Griffin Jax,0,1,MIN,7,1.05,63843fcb972915bc12d390ef
28,30,3,0,21,2.64,42,0,52,4,10,71.2,59,3,Chase De Jong,0,1,PIT,6,1.14,63843fcb972915bc12d390f0
24,33,0,0,24,3.01,14,14,44,0,10,71.2,75,4,Edward Cabrera,0,0,MIA,6,1.07,63843fcb972915bc12d390f1
29,28,0,0,43,5.40,18,11,88,0,12,71.2,46,3,Jason Alexander,0,0,MIL,2,1.62,63843fcb972915bc12d390f2
32,13,4,0,22,2.80,77,0,66,20,6,70.2,58,6,Adam Cimber,0,4,TOR,10,1.12,63843fcb972915bc12d390f3
24,27,0,0,46,5.89,15,14,85,0,10,70.1,44,7,Josh Winckowski,0,0,BOS,5,1.59,63843fcb972915bc12d390f4
27,19,0,0,29,3.71,15,12,67,0,13,70.1,40,2,Devin Smeltzer,0,0,MIN,5,1.22,63843fcb972915bc12d390f5
31,39,0,0,32,4.11,44,1,57,4,14,70.0,65,3,Caleb Smith,0,0,ARI,1,1.37,63843fcb972915bc12d390f6
23,37,0,0,35,4.50,16,13,66,1,7,70.0,72,4,MacKenzie Gore,0,0,SD,4,1.47,63843fcb972915bc12d390f7
29,15,4,0,16,2.06,75,0,49,35,5,70.0,94,4,A.J. Minter,0,5,ATL,5,0.91,63843fcb972915bc12d390f8
27,26,2,0,27,3.49,66,2,60,9,3,69.2,76,3,Bryan Baker,0,1,BAL,4,1.23,63843fcb972915bc12d390f9
28,18,0,0,23,2.99,64,1,48,7,7,69.1,76,0,Penn Murfee,0,0,SEA,4,0.95,63843fcb972915bc12d390fa
38,33,0,0,33,4.28,14,14,55,0,13,69.1,48,6,Anibal Sanchez,0,0,WAS,4,1.27,63843fcb972915bc12d390fb
35,14,5,0,20,2.60,58,0,51,17,5,69.1,75,2,Collin McHugh,0,0,ATL,3,0.94,63843fcb972915bc12d390fc
29,15,3,0,19,2.48,49,1,48,7,4,69.0,63,1,Jimmy Herget,0,9,LAA,2,0.91,63843fcb972915bc12d390fd
26,36,0,0,37,4.85,47,2,66,3,1,68.2,69,2,Nick Nelson,0,1,PHI,3,1.49,63843fcb972915bc12d390fe
32,23,2,0,18,2.37,71,0,47,23,3,68.1,73,2,Rafael Montero,0,14,HOU,5,1.02,63843fcb972915bc12d390ff
32,18,4,0,24,3.18,76,11,71,18,5,68.0,54,2,John Brebbia,0,0,SF,6,1.31,63843fcb972915bc12d39100
26,37,3,0,21,2.78,68,0,47,16,5,68.0,71,2,Dylan Coleman,0,0,KC,5,1.24,63843fcb972915bc12d39101
25,30,3,0,19,2.53,68,0,54,2,4,67.2,80,6,Camilo Doval,0,27,SF,6,1.24,63843fcb972915bc12d39102
24,16,0,0,14,1.86,57,0,50,18,6,67.2,89,4,Jhoan Duran,0,8,MIN,2,0.98,63843fcb972915bc12d39103
31,25,2,0,30,3.99,35,4,52,4,10,67.2,73,7,Mark Leiter,0,3,CHC,2,1.14,63843fcb972915bc12d39104
28,17,4,0,25,3.33,70,0,50,21,9,67.2,58,4,Domingo Acevedo,0,4,OAK,4,0.99,63843fcb972915bc12d39105
27,22,4,0,22,2.94,50,1,57,6,5,67.1,65,2,Nabil Crismatt,0,0,SD,5,1.17,63843fcb972915bc12d39106
26,18,0,0,35,4.70,15,11,69,0,11,67.0,47,6,Josh Winder,0,0,MIN,4,1.30,63843fcb972915bc12d39107
31,22,4,0,26,3.51,66,0,54,14,9,66.2,70,4,Kyle Finnegan,0,11,WAS,6,1.14,63843fcb972915bc12d39108
26,13,4,0,25,3.38,50,1,46,10,10,66.2,72,3,Eli Morgan,0,0,CLE,5,0.89,63843fcb972915bc12d39109
33,22,0,0,28,3.78,54,0,58,1,9,66.2,53,3,Brent Suter,0,0,MIL,5,1.20,63843fcb972915bc12d3910a
27,23,5,0,23,3.12,62,0,53,20,7,66.1,76,3,A.J. Puk,0,4,OAK,4,1.15,63843fcb972915bc12d3910b
36,27,2,0,31,4.21,69,0,54,6,11,66.1,74,4,Steve Cishek,0,1,WAS,1,1.22,63843fcb972915bc12d3910c
37,16,3,0,15,2.06,66,0,48,20,6,65.2,79,3,Adam Ottavino,0,3,NYM,6,0.97,63843fcb972915bc12d3910d
27,23,2,0,16,2.19,65,0,38,14,7,65.2,88,4,Felix Bautista,0,15,BAL,4,0.93,63843fcb972915bc12d3910e
29,24,2,0,28,3.84,67,0,58,14,10,65.2,73,2,Phil Maton,0,0,HOU,0,1.25,63843fcb972915bc12d3910f
29,17,0,0,23,3.17,11,11,55,0,6,65.1,77,2,Luis Castillo,0,0,SEA,4,1.10,63843fcb972915bc12d39110
28,11,5,0,20,2.76,61,1,51,9,1,65.1,63,4,Reynaldo Lopez,0,0,CWS,6,0.95,63843fcb972915bc12d39111
33,17,4,0,27,3.72,70,0,49,25,3,65.1,79,4,Hector Neris,0,3,HOU,6,1.01,63843fcb972915bc12d39112
31,26,6,0,23,3.18,65,0,65,27,5,65.0,66,4,Kendall Graveman,0,6,CWS,3,1.40,63843fcb972915bc12d39113
29,18,2,0,27,3.74,58,0,60,4,10,65.0,56,4,Jarlin Garcia,0,1,SF,1,1.20,63843fcb972915bc12d39114
28,17,0,1,29,4.02,12,12,67,0,8,65.0,58,3,Walker Buehler,1,0,LAD,6,1.29,63843fcb972915bc12d39115
33,18,3,0,26,3.60,62,0,58,16,9,65.0,69,2,Seth Lugo,0,3,NYM,3,1.17,63843fcb972915bc12d39116
23,15,4,0,18,2.49,64,0,43,22,5,65.0,96,5,Andres Munoz,0,4,SEA,2,0.89,63843fcb972915bc12d39117
28,19,2,0,16,2.22,64,0,45,22,3,65.0,74,4,John Schreiber,0,8,BOS,4,0.98,63843fcb972915bc12d39118
24,39,0,0,51,7.10,14,14,76,0,8,64.2,55,12,Joan Adon,0,0,WAS,1,1.78,63843fcb972915bc12d39119
28,20,4,0,9,1.25,54,0,28,7,6,64.2,94,1,Ryan Helsley,0,19,STL,9,0.74,63843fcb972915bc12d3911a
31,15,1,0,27,3.76,67,0,61,9,5,64.2,64,3,Hoby Milner,0,0,MIL,3,1.18,63843fcb972915bc12d3911b
34,8,0,0,22,3.08,11,11,40,0,9,64.1,102,4,Jacob deGrom,0,0,NYM,5,0.75,63843fcb972915bc12d3911c
34,27,7,0,21,2.95,70,0,52,29,6,64.0,68,3,Brad Boxberger,0,1,MIL,4,1.23,63843fcb972915bc12d3911d
32,17,5,0,19,2.67,65,0,32,8,10,64.0,72,4,Paul Sewald,0,20,SEA,5,0.77,63843fcb972915bc12d3911e
29,35,1,0,38,5.34,62,4,57,8,9,64.0,82,2,Trevor Richards,0,0,TOR,3,1.44,63843fcb972915bc12d3911f
30,29,5,0,30,4.22,64,0,79,5,9,64.0,69,7,Rowan Wick,0,9,CHC,4,1.69,63843fcb972915bc12d39120
29,21,6,0,15,2.11,63,0,44,2,4,64.0,73,4,Jordan Romano,0,36,TOR,5,1.02,63843fcb972915bc12d39121
35,22,7,0,24,3.38,65,0,45,0,8,64.0,85,2,Kenley Jansen,0,41,ATL,5,1.05,63843fcb972915bc12d39122
26,33,4,0,13,1.84,59,0,28,13,5,63.2,83,3,Alexis Diaz,0,10,CIN,7,0.96,63843fcb972915bc12d39123
29,20,5,0,18,2.54,62,0,45,7,2,63.2,65,4,Clay Holmes,0,20,NYY,7,1.02,63843fcb972915bc12d39124
27,18,2,0,19,2.69,66,0,57,20,3,63.2,82,5,Trevor Stephan,0,3,CLE,6,1.18,63843fcb972915bc12d39125
36,31,1,0,20,2.83,65,1,52,9,2,63.2,64,2,David Phelps,0,1,TOR,0,1.30,63843fcb972915bc12d39126
29,13,0,1,22,3.11,11,11,56,0,6,63.2,61,3,Jordan Montgomery,1,0,STL,6,1.08,63843fcb972915bc12d39127
31,17,4,0,11,1.56,67,0,31,21,5,63.1,75,3,Jason Adam,0,8,TB,2,0.76,63843fcb972915bc12d39128
27,31,4,0,24,3.41,71,0,47,23,5,63.1,82,4,Alex Lange,0,0,DET,7,1.23,63843fcb972915bc12d39129
25,19,1,0,34,4.83,14,9,63,0,8,63.1,48,6,Davis Martin,0,0,CWS,3,1.29,63843fcb972915bc12d3912a
27,22,0,0,28,4.00,59,2,62,4,6,63.0,63,3,Will Vest,0,1,DET,3,1.33,63843fcb972915bc12d3912b
28,15,2,0,8,1.14,64,0,33,19,2,63.0,77,3,Evan Phillips,0,2,LAD,7,0.76,63843fcb972915bc12d3912c
31,26,7,0,31,4.43,59,0,60,7,12,63.0,84,6,Emilio Pagan,0,9,MIN,4,1.37,63843fcb972915bc12d3912d
24,19,0,0,24,3.43,12,12,55,0,6,63.0,48,3,Matt Manning,0,0,DET,2,1.17,63843fcb972915bc12d3912e
28,46,7,0,30,4.31,67,0,55,4,5,62.2,90,5,Tanner Scott,0,20,MIA,4,1.61,63843fcb972915bc12d3912f
33,16,0,0,14,2.01,12,12,54,0,1,62.2,48,2,Jose Quintana,0,0,STL,3,1.12,63843fcb972915bc12d39130
34,33,4,0,34,4.91,66,0,61,4,8,62.1,60,3,Hunter Strickland,0,7,CIN,3,1.51,63843fcb972915bc12d39131
35,13,3,0,40,5.78,68,0,68,13,9,62.1,64,3,Ryan Brasier,0,1,BOS,0,1.30,63843fcb972915bc12d39132
27,22,1,0,44,6.35,20,10,67,0,19,62.1,60,6,Elieser Hernandez,0,0,MIA,3,1.43,63843fcb972915bc12d39133
26,19,0,0,16,2.32,57,0,41,8,3,62.0,72,2,Sam Hentges,0,1,CLE,3,0.97,63843fcb972915bc12d39134
31,25,3,0,19,2.76,57,0,51,13,8,62.0,56,3,Carl Edwards,0,2,WAS,6,1.23,63843fcb972915bc12d39135
28,18,3,0,9,1.31,61,0,34,4,3,62.0,118,1,Edwin Diaz,0,32,NYM,3,0.84,63843fcb972915bc12d39136
26,35,1,0,33,4.84,35,8,46,8,5,61.1,63,6,Jordan Hicks,0,0,STL,3,1.32,63843fcb972915bc12d39137
29,22,4,0,19,2.80,42,7,49,4,7,61.0,70,3,Jalen Beeks,0,2,TB,2,1.16,63843fcb972915bc12d39138
27,14,1,0,32,4.72,60,0,53,6,12,61.0,67,1,Phil Bickford,0,0,LAD,2,1.10,63843fcb972915bc12d39139
35,17,1,0,23,3.39,64,0,57,20,3,61.0,68,6,Luis Garcia,0,3,SD,4,1.21,63843fcb972915bc12d3913a
32,16,4,0,21,3.10,61,0,48,22,6,61.0,58,5,Yimi Garcia,0,1,TOR,4,1.05,63843fcb972915bc12d3913b
28,30,2,0,13,1.93,65,0,31,26,2,60.2,96,4,Devin Williams,0,15,MIL,6,1.01,63843fcb972915bc12d3913c
28,33,0,0,31,4.60,63,0,53,11,9,60.2,68,0,Jose Ruiz,0,0,CWS,1,1.42,63843fcb972915bc12d3913d
27,34,3,0,22,3.28,64,0,49,2,2,60.1,60,11,Gregory Soto,0,30,DET,2,1.38,63843fcb972915bc12d3913e
25,26,0,0,13,1.94,55,0,45,8,2,60.1,88,0,Bryan Abreu,0,2,HOU,4,1.18,63843fcb972915bc12d3913f
26,29,0,0,27,4.03,17,8,53,1,8,60.1,40,3,Garrett Hill,0,0,DET,3,1.36,63843fcb972915bc12d39140
27,11,1,0,26,3.88,60,0,72,4,2,60.1,43,0,Jason Foley,0,0,DET,1,1.38,63843fcb972915bc12d39141
37,25,3,0,12,1.79,57,0,35,0,3,60.1,69,4,Daniel Bard,0,34,COL,6,0.99,63843fcb972915bc12d39142
34,28,5,0,25,3.75,63,0,51,2,4,60.0,72,7,Craig Kimbrel,0,22,LAD,6,1.32,63843fcb972915bc12d39143
26,22,1,0,21,3.15,32,4,49,1,3,60.0,56,4,Tanner Houck,0,8,BOS,5,1.18,63843fcb972915bc12d39144
31,6,6,0,19,2.85,69,0,59,22,6,60.0,61,5,Joe Mantiply,0,2,ARI,2,1.08,63843fcb972915bc12d39145
32,17,0,0,25,3.75,12,12,52,0,5,60.0,46,3,Jake Odorizzi,0,0,HOU,4,1.15,63843fcb972915bc12d39146
35,18,1,0,23,3.49,67,0,51,18,5,59.1,80,3,Caleb Thielbar,0,1,MIN,4,1.16,63843fcb972915bc12d39147
29,26,0,0,22,3.34,51,0,55,3,7,59.1,46,0,Andres Machado,0,0,WAS,2,1.37,63843fcb972915bc12d39148
31,18,6,0,20,3.05,57,0,42,12,6,59.0,73,6,Giovanny Gallegos,0,14,STL,3,1.02,63843fcb972915bc12d39149
26,28,2,0,34,5.22,63,1,50,19,2,58.2,54,8,Dennis Santana,0,1,TEX,3,1.33,63843fcb972915bc12d3914a
34,22,5,0,25,3.84,65,0,54,18,4,58.2,52,5,Aaron Loup,0,1,LAA,0,1.30,63843fcb972915bc12d3914b
28,22,6,0,26,3.99,65,0,46,23,11,58.2,64,2,Colin Poche,0,7,TB,4,1.16,63843fcb972915bc12d3914c
35,26,0,0,35,5.40,60,2,58,7,9,58.1,52,2,Bryan Shaw,0,1,CLE,6,1.44,63843fcb972915bc12d3914d
25,32,0,0,25,3.88,15,11,53,0,6,58.0,50,2,Konnor Pilkington,0,0,CLE,1,1.47,63843fcb972915bc12d3914e
27,14,2,0,41,6.36,53,0,67,5,8,58.0,56,3,Joel Kuhnel,0,1,CIN,2,1.40,63843fcb972915bc12d3914f
26,21,4,0,20,3.12,57,0,42,8,11,57.2,68,3,Brandon Hughes,0,8,CHC,2,1.09,63843fcb972915bc12d39150
25,19,0,0,40,6.24,12,12,69,0,13,57.2,53,6,Adrian Martinez,0,0,OAK,4,1.53,63843fcb972915bc12d39151
33,16,4,0,18,2.81,58,0,44,0,7,57.2,85,4,Liam Hendriks,0,37,CWS,4,1.04,63843fcb972915bc12d39152
29,18,0,0,25,3.90,56,0,53,10,9,57.2,45,5,Joey Krehbiel,0,1,BAL,5,1.23,63843fcb972915bc12d39153
26,21,0,0,9,1.40,66,0,46,24,2,57.2,55,1,Cionel Perez,0,1,BAL,7,1.16,63843fcb972915bc12d39154
26,23,1,0,20,3.12,29,3,46,4,5,57.2,56,5,Clarke Schmidt,0,2,NYY,5,1.20,63843fcb972915bc12d39155
28,25,3,0,28,4.40,51,1,58,10,1,57.1,57,6,Duane Underwood,0,1,PIT,1,1.45,63843fcb972915bc12d39156
32,19,1,0,18,2.83,64,0,48,19,5,57.1,67,3,Andrew Chafin,0,3,DET,2,1.17,63843fcb972915bc12d39157
35,17,1,0,17,2.67,50,0,63,6,4,57.1,60,4,Lucas Luetge,0,2,NYY,4,1.40,63843fcb972915bc12d39158
35,20,5,0,23,3.61,59,0,42,17,7,57.1,47,4,Ryan Tepera,0,6,LAA,5,1.08,63843fcb972915bc12d39159
23,27,0,1,30,4.71,13,11,75,0,1,57.1,55,8,Brayan Bello,0,0,BOS,2,1.78,63843fcb972915bc12d3915a
26,20,0,0,43,6.79,14,10,68,0,13,57.0,42,8,Zach Logue,0,0,OAK,3,1.54,63843fcb972915bc12d3915b
26,29,0,0,40,6.32,45,4,66,7,8,57.0,47,4,Reiver Sanmartin,0,0,CIN,4,1.67,63843fcb972915bc12d3915c
29,23,4,0,22,3.47,62,0,44,13,7,57.0,54,4,Carlos Estevez,0,2,COL,4,1.18,63843fcb972915bc12d3915d
27,13,2,0,22,3.49,62,0,49,11,4,56.2,77,2,Joe Jimenez,0,2,DET,3,1.09,63843fcb972915bc12d3915e
31,17,5,0,17,2.72,56,0,42,9,2,56.1,47,4,Wandy Peralta,0,4,NYY,3,1.05,63843fcb972915bc12d3915f
27,19,0,0,23,3.70,15,10,51,0,6,56.0,47,2,Mitch White,0,0,LAD,1,1.25,63843fcb972915bc12d39160
27,11,0,0,20,3.21,11,11,48,0,4,56.0,51,3,Bailey Ober,0,0,MIN,2,1.05,63843fcb972915bc12d39161
25,31,0,0,46,7.39,27,7,72,1,7,56.0,35,5,Carlos Hernandez,0,0,KC,0,1.84,63843fcb972915bc12d39162
37,21,3,0,29,4.66,62,0,63,1,5,56.0,35,10,Mark Melancon,0,18,ARI,3,1.50,63843fcb972915bc12d39163
33,9,2,0,26,4.23,39,1,48,2,11,55.1,38,1,Austin Pruitt,0,1,OAK,0,1.03,63843fcb972915bc12d39164
32,14,1,0,22,3.60,43,3,56,2,6,55.0,61,3,Shawn Armstrong,0,2,TB,2,1.27,63843fcb972915bc12d39165
30,9,0,1,25,4.12,10,9,63,0,5,54.2,31,2,Noah Syndergaard,0,0,PHI,5,1.32,63843fcb972915bc12d39166
31,31,4,0,7,1.15,59,0,36,17,2,54.2,62,1,Ryne Stanek,0,1,HOU,2,1.23,63843fcb972915bc12d39167
28,20,0,0,24,3.95,41,0,50,5,8,54.2,50,1,Michael Rucker,0,0,CHC,3,1.28,63843fcb972915bc12d39168
26,24,2,0,13,2.15,63,0,37,16,2,54.1,79,0,Alex Vesia,0,1,LAD,5,1.12,63843fcb972915bc12d39169
31,25,1,0,20,3.31,59,1,47,9,5,54.1,78,4,Andrew Bellatti,0,2,PHI,4,1.33,63843fcb972915bc12d3916a
28,22,0,0,22,3.64,59,0,40,9,5,54.1,53,3,Diego Castillo,0,7,SEA,7,1.14,63843fcb972915bc12d3916b
29,29,1,0,33,5.47,50,3,56,3,5,54.1,61,1,Austin Davis,0,0,BOS,2,1.56,63843fcb972915bc12d3916c
23,23,0,1,19,3.17,10,9,44,0,4,54.0,47,4,Bryce Elder,1,0,ATL,2,1.24,63843fcb972915bc12d3916d
29,18,1,0,25,4.17,53,0,43,6,10,54.0,64,0,Matt Festa,0,2,SEA,2,1.13,63843fcb972915bc12d3916e
31,15,4,0,18,3.02,56,0,48,5,4,53.2,48,3,Dylan Floro,0,10,MIA,1,1.17,63843fcb972915bc12d3916f
27,25,0,0,33,5.53,12,12,63,0,7,53.2,44,5,Alex Faedo,0,0,DET,1,1.64,63843fcb972915bc12d39170
29,10,2,0,10,1.68,57,1,39,14,3,53.2,70,2,Erik Swanson,0,3,SEA,3,0.91,63843fcb972915bc12d39171
28,23,1,0,22,3.69,39,1,49,2,3,53.2,47,3,Jackson Stephens,0,2,ATL,3,1.34,63843fcb972915bc12d39172
34,15,3,0,16,2.68,60,0,37,22,3,53.2,61,2,Brooks Raley,0,6,TB,1,0.97,63843fcb972915bc12d39173
26,17,1,0,18,3.04,50,0,40,3,3,53.1,61,0,Enyel De Los Santos,0,1,CLE,5,1.07,63843fcb972915bc12d39174
28,20,2,0,18,3.06,50,1,36,5,7,53.0,53,2,Steven Wilson,0,1,SD,4,1.06,63843fcb972915bc12d39175
31,18,0,0,18,3.06,35,0,42,1,5,53.0,49,0,Tanner Banks,0,0,CWS,2,1.13,63843fcb972915bc12d39176
39,14,2,0,16,2.72,46,1,49,10,5,53.0,61,3,Jesse Chavez,0,0,ATL,3,1.19,63843fcb972915bc12d39177
28,16,4,0,15,2.61,45,0,42,4,4,51.2,69,4,David Bednar,0,19,PIT,3,1.12,63843fcb972915bc12d39178
29,23,0,0,30,5.23,25,5,57,3,6,51.2,35,5,Tyler Beede,0,0,PIT,2,1.55,63843fcb972915bc12d39179
31,26,4,0,17,2.98,60,0,34,19,7,51.1,63,5,Steven Okert,0,0,MIA,5,1.17,63843fcb972915bc12d3917a
28,14,5,0,23,4.03,39,0,61,8,5,51.1,30,4,John King,0,0,TEX,1,1.46,63843fcb972915bc12d3917b
28,22,2,0,17,3.00,54,0,36,16,4,51.0,61,5,Seranthony Dominguez,0,9,PHI,6,1.14,63843fcb972915bc12d3917c
24,13,0,0,25,4.41,16,8,40,0,9,51.0,48,3,Rony Garcia,0,0,DET,3,1.04,63843fcb972915bc12d3917d
27,24,2,0,18,3.18,59,0,38,22,2,51.0,81,2,Jose Alvarado,0,2,PHI,4,1.22,63843fcb972915bc12d3917e
27,16,2,0,13,2.29,34,0,35,16,3,51.0,66,3,Michael King,0,1,NYY,6,1.00,63843fcb972915bc12d3917f
34,27,0,0,21,3.73,49,0,45,3,4,50.2,40,1,Hirokazu Sawamura,0,0,BOS,1,1.42,63843fcb972915bc12d39180
35,10,2,0,20,3.55,55,1,63,7,3,50.2,32,2,Richard Bleier,0,1,MIA,2,1.44,63843fcb972915bc12d39181
30,18,1,0,32,5.68,24,3,52,1,15,50.2,45,1,Mike Mayers,0,0,LAA,1,1.38,63843fcb972915bc12d39182
28,10,3,0,12,2.13,46,0,40,9,5,50.2,59,1,Dylan Lee,0,0,ATL,5,0.99,63843fcb972915bc12d39183
24,33,0,0,25,4.44,39,5,46,9,3,50.2,62,4,Matt Brash,0,0,SEA,4,1.56,63843fcb972915bc12d39184
27,21,1,0,18,3.22,42,1,37,8,8,50.1,52,1,Andrew Wantz,0,0,LAA,2,1.15,63843fcb972915bc12d39185
37,22,6,0,30,5.36,57,0,57,11,11,50.1,44,7,Ian Kennedy,0,10,ARI,4,1.57,63843fcb972915bc12d39186
31,26,0,0,25,4.47,55,0,42,9,3,50.1,57,4,Joely Rodriguez,0,0,NYM,2,1.35,63843fcb972915bc12d39187
27,18,3,0,23,4.14,55,1,50,7,4,50.0,40,7,Brett Martin,0,3,TEX,1,1.36,63843fcb972915bc12d39188
32,26,4,0,29,5.22,55,0,45,11,9,50.0,51,4,Noe Ramirez,0,0,ARI,5,1.42,63843fcb972915bc12d39189
24,10,1,0,18,3.26,46,1,39,10,3,49.2,43,4,Brusdar Graterol,0,4,LAD,2,0.99,63843fcb972915bc12d3918a
31,24,4,0,22,4.01,55,0,55,11,6,49.1,52,5,Dominic Leone,0,3,SF,4,1.60,63843fcb972915bc12d3918b
29,8,5,0,22,4.04,47,0,50,10,6,49.0,48,1,Taylor Clarke,0,3,KC,3,1.18,63843fcb972915bc12d3918c
30,12,4,0,17,3.14,63,0,42,16,7,48.2,44,1,Tim Mayza,0,2,TOR,8,1.11,63843fcb972915bc12d3918d
26,11,0,0,12,2.23,27,1,43,0,1,48.1,24,0,Jake Woodford,0,0,STL,4,1.12,63843fcb972915bc12d3918e
33,13,4,0,16,2.98,50,0,30,0,4,48.1,65,3,Ryan Pressly,0,33,HOU,3,0.89,63843fcb972915bc12d3918f
29,17,4,0,9,1.68,44,0,30,0,3,48.1,54,6,Jorge Lopez,0,19,BAL,4,0.97,63843fcb972915bc12d39190
31,10,0,0,28,5.25,15,10,50,2,8,48.0,54,3,Steven Matz,0,0,STL,5,1.25,63843fcb972915bc12d39191
27,33,3,0,16,3.00,54,0,28,27,1,48.0,67,3,Zach Jackson,0,3,OAK,2,1.27,63843fcb972915bc12d39192
28,19,1,0,22,4.13,50,0,43,10,3,48.0,37,3,Jonathan Loaisiga,0,2,NYY,2,1.29,63843fcb972915bc12d39193
32,14,0,0,19,3.56,55,0,45,7,1,48.0,25,0,Tim Hill,0,0,SD,3,1.23,63843fcb972915bc12d39194
26,18,0,0,25,4.69,10,9,53,0,7,48.0,36,3,JP Sears,0,0,OAK,3,1.48,63843fcb972915bc12d39195
27,25,0,0,28,5.25,16,9,44,0,12,48.0,45,5,Cory Abbott,0,0,WAS,0,1.44,63843fcb972915bc12d39196
27,22,0,0,29,5.44,39,0,47,2,5,48.0,44,1,Yunior Marte,0,0,SF,1,1.44,63843fcb972915bc12d39197
31,21,3,0,12,2.27,45,0,29,12,4,47.2,61,1,Robert Suarez,0,1,SD,5,1.05,63843fcb972915bc12d39198
26,23,1,0,26,4.91,38,0,45,5,7,47.2,42,4,Jake Bird,0,0,COL,2,1.43,63843fcb972915bc12d39199
28,21,2,0,15,2.83,39,0,33,4,5,47.2,54,3,Jose Leclerc,0,7,TEX,0,1.13,63843fcb972915bc12d3919a
29,22,0,0,12,2.27,8,8,37,0,4,47.2,50,2,Lance McCullers,0,0,HOU,4,1.24,63843fcb972915bc12d3919b
27,13,0,0,27,5.13,15,9,46,0,7,47.1,51,2,Tylor Megill,0,0,NYM,4,1.25,63843fcb972915bc12d3919c
34,21,0,0,40,7.61,35,0,55,2,7,47.1,37,2,Jhoulys Chacin,0,0,COL,4,1.61,63843fcb972915bc12d3919d
25,21,0,0,28,5.36,9,9,47,0,10,47.0,36,4,Tommy Henry,0,0,ARI,3,1.45,63843fcb972915bc12d3919e
28,24,1,0,17,3.26,42,2,40,10,4,47.0,45,2,Jimmy Lambert,0,0,CWS,1,1.36,63843fcb972915bc12d3919f
33,22,3,0,30,5.74,53,0,57,7,5,47.0,32,7,Alex Colome,0,4,COL,2,1.68,63843fcb972915bc12d391a0
31,25,1,0,20,3.83,44,0,36,5,2,47.0,54,2,Buck Farmer,0,2,CIN,2,1.30,63843fcb972915bc12d391a1
33,8,0,0,30,5.79,11,11,58,0,13,46.2,26,7,Michael Pineda,0,0,DET,2,1.41,63843fcb972915bc12d391a2
32,18,0,0,27,5.24,10,10,54,0,9,46.1,40,3,Jake Odorizzi,0,0,ATL,2,1.55,63843fcb972915bc12d391a3
29,15,2,0,17,3.33,44,0,38,14,9,46.0,53,3,Drew Smith,0,0,NYM,3,1.15,63843fcb972915bc12d391a4
29,17,1,0,21,4.11,32,0,40,3,7,46.0,37,2,Trent Thornton,0,0,TOR,0,1.24,63843fcb972915bc12d391a5
30,12,4,0,21,4.14,45,0,35,11,8,45.2,44,4,Trevor Gott,0,0,MIL,3,1.03,63843fcb972915bc12d391a6
30,32,1,0,25,4.96,60,0,28,10,0,45.1,49,1,Amir Garrett,0,0,KC,3,1.32,63843fcb972915bc12d391a7
28,17,2,0,24,4.80,39,0,50,3,4,45.0,49,3,Trevor Megill,0,0,MIN,4,1.49,63843fcb972915bc12d391a8
32,23,2,0,14,2.80,55,0,37,13,2,45.0,38,2,Brad Hand,0,5,PHI,3,1.33,63843fcb972915bc12d391a9
27,17,0,0,22,4.40,48,0,43,5,6,45.0,42,2,Matt Foster,0,1,CWS,1,1.33,63843fcb972915bc12d391aa
26,20,1,0,23,4.63,39,0,39,13,8,44.2,32,2,Genesis Cabrera,0,1,STL,4,1.32,63843fcb972915bc12d391ab
28,22,2,0,29,5.84,46,0,56,5,5,44.2,35,1,Kirby Snead,0,1,OAK,1,1.75,63843fcb972915bc12d391ac
35,10,3,0,7,1.41,45,0,32,16,1,44.2,45,3,Anthony Bass,0,0,MIA,2,0.94,63843fcb972915bc12d391ad
29,13,2,0,30,6.04,45,0,53,6,8,44.2,37,1,Robert Stephenson,0,0,COL,2,1.48,63843fcb972915bc12d391ae
29,23,1,0,19,3.83,35,1,40,1,5,44.2,45,0,Jeff Hoffman,0,0,CIN,2,1.41,63843fcb972915bc12d391af
31,28,4,0,17,3.43,46,0,33,2,4,44.2,41,5,Corey Knebel,0,12,PHI,3,1.37,63843fcb972915bc12d391b0
31,17,5,0,19,3.83,50,0,38,12,5,44.2,52,4,Matt Strahm,0,4,BOS,4,1.23,63843fcb972915bc12d391b1
27,13,0,0,25,5.08,39,0,48,5,8,44.1,39,3,Zack Littell,0,1,SF,3,1.38,63843fcb972915bc12d391b2
32,11,1,0,29,5.89,24,1,51,0,4,44.1,29,0,Ty Blach,0,1,COL,1,1.40,63843fcb972915bc12d391b3
24,12,0,0,28,5.68,11,9,50,0,7,44.1,32,2,Humberto Castellanos,0,0,ARI,3,1.40,63843fcb972915bc12d391b4
27,11,2,0,16,3.27,47,0,44,6,6,44.0,50,2,Connor Brogdon,0,2,PHI,2,1.25,63843fcb972915bc12d391b5
28,11,2,0,13,2.66,47,1,36,13,2,44.0,50,4,Scott Effross,0,1,CHC,1,1.07,63843fcb972915bc12d391b6
27,24,0,0,10,2.05,40,0,22,6,2,44.0,56,0,Ron Marinaccio,0,0,NYY,1,1.05,63843fcb972915bc12d391b7
25,24,3,0,11,2.25,46,0,27,7,2,44.0,41,2,Nick Sandlin,0,0,CLE,5,1.16,63843fcb972915bc12d391b8
31,15,3,0,24,4.91,40,0,45,9,8,44.0,39,4,Tyler Duffey,0,2,MIN,2,1.36,63843fcb972915bc12d391b9
30,14,3,0,11,2.25,39,5,30,5,6,44.0,35,3,Matt Wisler,0,1,TB,3,1.00,63843fcb972915bc12d391ba
32,29,0,0,17,3.50,42,0,26,8,3,43.2,36,2,Tyler Matzek,0,1,ATL,4,1.26,63843fcb972915bc12d391bb
31,21,2,0,21,4.33,35,2,45,2,5,43.2,57,3,Tommy Nance,0,0,MIA,2,1.51,63843fcb972915bc12d391bc
30,22,2,0,14,2.91,53,0,33,16,5,43.1,46,1,Sam Moll,0,0,OAK,2,1.27,63843fcb972915bc12d391bd
27,16,0,0,37,7.74,10,8,59,0,3,43.0,31,5,Mitch White,0,0,TOR,0,1.74,63843fcb972915bc12d391be
26,26,2,0,20,4.19,47,0,37,12,2,43.0,49,0,Lucas Gilbreath,0,0,COL,2,1.47,63843fcb972915bc12d391bf
30,11,5,0,18,3.80,47,0,39,10,4,42.2,39,3,Ryan Thompson,0,3,TB,3,1.17,63843fcb972915bc12d391c0
28,16,2,0,15,3.16,29,0,46,0,5,42.2,33,3,Joel Payamps,0,0,KC,2,1.45,63843fcb972915bc12d391c1
28,22,2,0,27,5.70,38,0,44,7,3,42.2,48,1,Justin Lawrence,0,1,COL,3,1.55,63843fcb972915bc12d391c2
34,13,0,0,25,5.27,32,2,44,3,3,42.2,36,1,Garrett Richards,0,1,TEX,1,1.34,63843fcb972915bc12d391c3
27,14,0,0,17,3.61,28,6,39,0,8,42.1,33,3,Sam Long,0,1,SF,1,1.25,63843fcb972915bc12d391c4
27,12,1,0,21,4.50,43,0,47,7,5,42.0,44,1,Victor Arano,0,1,WAS,1,1.40,63843fcb972915bc12d391c5
31,9,7,0,20,4.35,42,0,37,0,1,41.1,48,5,Taylor Rogers,0,28,SD,1,1.11,63843fcb972915bc12d391c6
32,19,3,0,12,2.66,40,0,32,7,5,40.2,51,2,Mychal Givens,0,2,CHC,6,1.25,63843fcb972915bc12d391c7
32,13,5,0,23,5.09,40,1,50,8,4,40.2,37,4,Chris Stratton,0,2,PIT,5,1.55,63843fcb972915bc12d391c8
25,18,0,0,10,2.21,31,0,25,2,0,40.2,54,1,Jovani Moran,0,1,MIN,0,1.06,63843fcb972915bc12d391c9
27,21,2,0,18,3.98,42,0,25,12,5,40.2,52,5,Jose Quijada,0,3,LAA,0,1.13,63843fcb972915bc12d391ca
38,10,1,0,20,4.43,33,1,45,2,9,40.2,35,2,Craig Stammen,0,0,SD,1,1.35,63843fcb972915bc12d391cb
37,9,2,0,11,2.45,40,0,38,4,6,40.1,37,0,David Price,0,2,LAD,2,1.17,63843fcb972915bc12d391cc
37,19,5,0,10,2.23,36,0,23,0,4,40.1,51,0,David Robertson,0,14,CHC,3,1.04,63843fcb972915bc12d391cd
28,12,0,0,23,5.13,32,0,40,3,7,40.1,32,1,Tyler Danish,0,0,BOS,3,1.29,63843fcb972915bc12d391ce
24,16,0,0,22,4.95,9,9,43,0,6,40.0,27,3,Cole Ragans,0,0,TEX,0,1.48,63843fcb972915bc12d391cf
25,17,0,0,25,5.63,15,3,38,1,5,40.0,35,2,Cristopher Sanchez,0,1,PHI,2,1.38,63843fcb972915bc12d391d0
29,15,0,0,28,6.35,8,8,46,0,6,39.2,33,3,Frankie Montas,0,0,NYY,1,1.54,63843fcb972915bc12d391d1
30,12,0,0,23,5.22,32,0,35,0,7,39.2,41,1,Jordan Weems,0,0,WAS,0,1.18,63843fcb972915bc12d391d2
32,21,2,0,19,4.31,44,0,36,4,2,39.2,34,4,Matt Barnes,0,8,BOS,0,1.44,63843fcb972915bc12d391d3
29,20,4,0,14,3.20,41,0,29,18,1,39.1,39,4,Michael Fulmer,0,2,DET,3,1.25,63843fcb972915bc12d391d4
27,12,1,0,11,2.52,38,0,33,6,1,39.1,45,1,Hunter Harvey,0,0,WAS,2,1.14,63843fcb972915bc12d391d5
27,8,0,0,25,5.72,8,8,46,0,4,39.1,28,7,Daulton Jefferies,0,0,OAK,1,1.37,63843fcb972915bc12d391d6
30,17,0,0,20,4.58,22,4,35,3,5,39.1,26,2,Dillon Peters,0,0,PIT,5,1.32,63843fcb972915bc12d391d7
28,15,0,0,25,5.72,10,5,40,0,4,39.1,22,3,Jared Koenig,0,0,OAK,1,1.40,63843fcb972915bc12d391d8
27,21,1,0,9,2.08,38,0,22,8,2,39.0,62,0,James Karinchak,0,3,CLE,2,1.10,63843fcb972915bc12d391d9
28,14,0,0,9,2.09,29,0,26,2,3,38.2,38,1,Seth Martinez,0,0,HOU,1,1.03,63843fcb972915bc12d391da
26,13,0,0,23,5.40,35,1,32,1,10,38.1,39,2,Dauri Moreta,0,1,CIN,0,1.17,63843fcb972915bc12d391db
35,30,3,0,18,4.23,44,0,27,12,5,38.1,51,1,Jake Diekman,0,1,BOS,5,1.49,63843fcb972915bc12d391dc
33,24,0,0,11,2.58,28,1,34,2,2,38.1,32,0,Wily Peralta,0,0,DET,2,1.51,63843fcb972915bc12d391dd
26,15,0,0,31,7.41,10,8,50,0,12,37.2,32,4,Spencer Howard,0,0,TEX,2,1.73,63843fcb972915bc12d391de
25,20,0,0,13,3.11,9,8,35,0,4,37.2,30,2,Javier Assad,0,0,CHC,2,1.46,63843fcb972915bc12d391df
28,29,3,0,27,6.45,42,0,37,5,3,37.2,43,3,Josh Staumont,0,3,KC,3,1.75,63843fcb972915bc12d391e0
27,13,0,0,19,4.54,13,2,37,0,11,37.2,26,3,Kirk McCarty,0,0,CLE,4,1.33,63843fcb972915bc12d391e1
28,24,0,0,15,3.58,47,0,39,11,2,37.2,34,2,Jose Cuas,0,1,KC,4,1.67,63843fcb972915bc12d391e2
26,14,0,0,9,2.19,43,1,26,11,1,37.0,30,1,Kyle Nelson,0,0,ARI,2,1.08,63843fcb972915bc12d391e3
36,14,0,0,13,3.16,9,8,31,0,3,37.0,28,2,Wade Miley,0,0,CHC,2,1.22,63843fcb972915bc12d391e4
33,21,3,0,18,4.38,41,0,35,10,7,37.0,41,1,Will Smith,0,5,ATL,0,1.51,63843fcb972915bc12d391e5
34,23,0,0,25,6.08,43,1,36,15,2,37.0,53,3,Joe Kelly,0,1,CWS,1,1.59,63843fcb972915bc12d391e6
36,10,3,0,12,2.95,40,5,27,9,5,36.2,45,1,Matt Bush,0,1,TEX,2,1.01,63843fcb972915bc12d391e7
27,24,0,0,31,7.61,10,8,46,0,8,36.2,29,6,Vladimir Gutierrez,0,0,CIN,1,1.91,63843fcb972915bc12d391e8
26,22,0,0,28,6.87,8,8,39,0,7,36.2,23,5,Tucker Davidson,0,0,LAA,1,1.66,63843fcb972915bc12d391e9
25,27,0,0,14,3.47,9,7,26,0,6,36.1,42,0,Ryan Pepiot,0,0,LAD,3,1.46,63843fcb972915bc12d391ea
35,28,0,0,18,4.46,43,0,24,1,4,36.1,43,4,Aroldis Chapman,0,9,NYY,4,1.43,63843fcb972915bc12d391eb
29,22,3,0,26,6.50,39,0,37,4,6,36.0,40,3,Art Warren,0,3,CIN,2,1.64,63843fcb972915bc12d391ec
27,22,0,0,17,4.25,9,8,36,0,4,36.0,33,1,Jack Flaherty,0,0,STL,2,1.61,63843fcb972915bc12d391ed
32,9,3,0,16,4.04,39,0,29,0,5,35.2,48,6,Raisel Iglesias,0,16,LAA,2,1.07,63843fcb972915bc12d391ee
28,9,0,0,16,4.04,10,7,42,0,5,35.2,20,3,Daniel Castano,0,0,MIA,1,1.43,63843fcb972915bc12d391ef
28,10,1,0,4,1.02,33,0,18,8,2,35.1,33,0,Yency Almonte,0,1,LAD,0,0.79,63843fcb972915bc12d391f0
30,16,2,0,11,2.83,25,0,23,2,7,35.0,31,2,Jharel Cotton,0,0,MIN,2,1.11,63843fcb972915bc12d391f1
27,13,4,0,15,3.86,35,0,27,0,5,35.0,28,1,Joe Barlow,0,13,TEX,3,1.14,63843fcb972915bc12d391f2
28,16,2,0,13,3.34,19,0,38,0,4,35.0,17,2,Ralph Garza,0,0,TB,2,1.54,63843fcb972915bc12d391f3
26,12,0,0,25,6.43,10,3,54,0,5,35.0,29,5,Josh Fleming,0,0,TB,2,1.89,63843fcb972915bc12d391f4
28,15,2,0,11,2.83,30,0,28,4,2,35.0,40,1,Peter Strzelecki,0,1,MIL,2,1.23,63843fcb972915bc12d391f5
24,10,0,0,19,4.93,7,7,32,0,5,34.2,33,2,Ken Waldichuk,0,0,OAK,2,1.21,63843fcb972915bc12d391f6
25,14,0,0,8,2.08,22,1,20,0,3,34.2,27,1,Zack Thompson,0,1,STL,1,0.98,63843fcb972915bc12d391f7
29,18,2,0,18,4.67,33,0,38,3,3,34.2,48,2,Ian Gibaut,0,1,CIN,1,1.62,63843fcb972915bc12d391f8
23,18,0,0,23,5.97,9,7,42,0,5,34.2,28,2,Matthew Liberatore,0,0,STL,2,1.73,63843fcb972915bc12d391f9
26,17,0,0,7,1.82,37,1,23,7,1,34.2,37,0,Caleb Ferguson,0,0,LAD,1,1.15,63843fcb972915bc12d391fa
27,9,0,0,18,4.72,13,4,43,1,3,34.1,23,3,Mike Baumann,0,0,BAL,1,1.51,63843fcb972915bc12d391fb
27,15,2,0,25,6.55,42,0,40,7,3,34.1,22,2,Collin Snider,0,0,KC,4,1.60,63843fcb972915bc12d391fc
28,10,0,0,20,5.24,8,7,33,0,8,34.1,20,3,Tyler Gilbert,0,0,ARI,0,1.25,63843fcb972915bc12d391fd
28,18,3,0,13,3.41,34,0,23,4,2,34.1,34,4,Dany Jimenez,0,11,OAK,3,1.19,63843fcb972915bc12d391fe
29,20,0,0,19,5.03,11,5,33,0,12,34.0,36,3,Matt Swarmer,0,0,CHC,2,1.56,63843fcb972915bc12d391ff
26,18,0,0,14,3.71,27,0,32,5,5,34.0,33,3,Oliver Ortega,0,1,LAA,1,1.47,63843fcb972915bc12d39200
32,16,3,0,20,5.29,39,0,39,6,6,34.0,38,4,Cole Sulser,0,2,MIA,1,1.62,63843fcb972915bc12d39201
23,9,0,0,16,4.24,26,0,31,5,4,34.0,28,1,Adrian Morejon,0,0,SD,5,1.18,63843fcb972915bc12d39202
28,12,2,0,16,4.24,37,0,26,0,7,34.0,59,4,Josh Hader,0,29,MIL,1,1.12,63843fcb972915bc12d39203
33,15,2,0,23,6.09,38,0,48,6,6,34.0,33,1,Jeurys Familia,0,0,PHI,1,1.85,63843fcb972915bc12d39204
24,7,0,0,8,2.18,6,4,24,0,3,33.0,33,2,Hayden Wesneski,0,0,CHC,3,0.94,63843fcb972915bc12d39205
29,11,0,0,10,2.73,6,4,21,0,1,33.0,14,0,Connor Overton,0,0,CIN,1,0.97,63843fcb972915bc12d39206
31,18,1,0,18,4.96,31,0,25,6,2,32.2,34,1,Manny Banuelos,0,0,PIT,2,1.32,63843fcb972915bc12d39207
33,11,0,0,24,6.61,28,0,42,1,5,32.2,16,0,T.J. McFarland,0,0,STL,0,1.62,63843fcb972915bc12d39208
25,13,0,0,11,3.03,7,7,23,0,2,32.2,27,2,Joey Wentz,0,0,DET,2,1.10,63843fcb972915bc12d39209
31,14,2,0,23,6.47,39,0,46,2,5,32.0,45,6,Lou Trivino,0,10,OAK,1,1.88,63843fcb972915bc12d3920a
34,20,0,0,28,7.88,8,8,49,0,6,32.0,20,5,Dallas Keuchel,0,0,CWS,2,2.16,63843fcb972915bc12d3920b
33,21,1,0,11,3.09,27,0,26,4,3,32.0,40,1,Huascar Brazoban,0,0,MIA,1,1.47,63843fcb972915bc12d3920c
26,7,1,0,17,4.78,26,3,39,3,3,32.0,31,2,Packy Naughton,0,1,STL,0,1.44,63843fcb972915bc12d3920d
30,8,0,0,29,8.33,7,7,47,0,6,31.1,16,3,Aaron Sanchez,0,0,WAS,3,1.76,63843fcb972915bc12d3920e
36,4,1,0,15,4.31,34,0,38,6,5,31.1,40,0,Chris Martin,0,0,CHC,1,1.34,63843fcb972915bc12d3920f
27,17,0,0,21,6.10,7,7,32,0,11,31.0,21,3,Justin Dunn,0,0,CIN,1,1.58,63843fcb972915bc12d39210
25,13,0,0,20,5.87,11,3,35,0,4,30.2,28,3,Cole Sands,0,1,MIN,0,1.57,63843fcb972915bc12d39211
24,16,0,0,11,3.23,7,7,23,0,1,30.2,28,2,Johan Oviedo,0,0,PIT,2,1.27,63843fcb972915bc12d39212
26,17,2,0,10,2.97,29,0,26,3,2,30.1,27,3,Jonathan Hernandez,0,4,TEX,2,1.42,63843fcb972915bc12d39213
29,13,4,0,11,3.30,29,0,26,1,5,30.0,36,3,Tanner Rainey,0,12,WAS,1,1.30,63843fcb972915bc12d39214
25,14,0,0,15,4.50,6,6,21,0,3,30.0,29,3,Dustin May,0,0,LAD,2,1.17,63843fcb972915bc12d39215
29,21,0,0,23,6.90,27,1,23,2,7,30.0,43,4,Daniel Norris,0,0,CHC,0,1.47,63843fcb972915bc12d39216
24,15,0,0,35,10.62,7,5,42,0,12,29.2,25,4,Elvin Rodriguez,0,0,DET,0,1.92,63843fcb972915bc12d39217
28,11,2,0,11,3.38,30,0,27,4,1,29.1,30,1,Kevin Ginkel,0,1,ARI,1,1.30,63843fcb972915bc12d39218
25,10,0,0,15,4.60,7,6,32,0,6,29.1,24,0,Michael Grove,0,0,LAD,1,1.43,63843fcb972915bc12d39219
31,10,0,0,19,5.90,29,0,35,4,1,29.0,17,0,Nick Wittgren,0,1,STL,1,1.55,63843fcb972915bc12d3921a
27,15,1,0,13,4.03,34,0,27,9,2,29.0,31,0,Miguel Castro,0,0,NYY,5,1.45,63843fcb972915bc12d3921b
29,14,0,0,17,5.28,29,0,25,1,4,29.0,21,1,J.B. Wendelken,0,0,ARI,2,1.34,63843fcb972915bc12d3921c
29,8,0,0,11,3.45,14,2,22,0,4,28.2,23,0,Daniel Norris,0,0,DET,2,1.05,63843fcb972915bc12d3921d
30,7,0,0,15,4.71,8,3,31,0,2,28.2,25,1,Aaron Sanchez,0,0,MIN,0,1.33,63843fcb972915bc12d3921e
28,12,1,0,14,4.40,29,0,27,4,5,28.2,22,2,Sean Poppen,0,0,ARI,2,1.36,63843fcb972915bc12d3921f
22,12,0,0,21,6.59,7,7,33,0,7,28.2,24,3,Chase Silseth,0,0,LAA,1,1.57,63843fcb972915bc12d39220
30,15,1,0,20,6.35,25,0,35,1,4,28.1,27,2,Kaleb Ort,0,1,BOS,1,1.76,63843fcb972915bc12d39221
30,11,0,0,12,3.86,27,0,25,2,4,28.0,27,0,Jandel Gustave,0,0,MIL,2,1.29,63843fcb972915bc12d39222
28,11,0,0,12,3.86,12,2,23,1,4,28.0,21,1,Cody Poteet,0,0,MIA,0,1.21,63843fcb972915bc12d39223
38,9,2,0,14,4.61,34,0,33,14,7,27.1,17,1,Joe Smith,0,0,MIN,1,1.54,63843fcb972915bc12d39224
27,13,0,0,11,3.67,22,0,22,2,1,27.0,21,1,Yohan Ramirez,0,1,PIT,3,1.30,63843fcb972915bc12d39225
26,12,1,0,14,4.67,25,0,25,3,3,27.0,21,1,Erich Uelmen,0,1,CHC,2,1.37,63843fcb972915bc12d39226
23,9,0,0,15,5.00,6,6,27,0,5,27.0,30,2,Shane Baz,0,0,TB,1,1.33,63843fcb972915bc12d39227
35,4,0,0,17,5.67,6,6,32,0,5,27.0,16,0,Hyun Jin Ryu,0,0,TOR,2,1.33,63843fcb972915bc12d39228
31,7,1,0,20,6.75,26,1,31,1,4,26.2,23,3,Julian Merryweather,0,0,TOR,0,1.43,63843fcb972915bc12d39229
29,10,4,0,7,2.36,32,0,30,10,2,26.2,30,1,Aaron Bummer,0,2,CWS,2,1.50,63843fcb972915bc12d3922a
29,11,1,0,7,2.39,24,1,28,5,0,26.1,20,1,Alex Young,0,0,SF,1,1.48,63843fcb972915bc12d3922b
32,5,1,0,1,0.34,28,0,17,15,0,26.1,30,0,Raisel Iglesias,0,1,ATL,0,0.84,63843fcb972915bc12d3922c
32,10,1,0,19,6.49,25,0,27,4,6,26.1,29,1,Chasen Shreve,0,0,NYM,1,1.41,63843fcb972915bc12d3922d
27,8,1,0,12,4.10,25,0,29,1,5,26.1,28,0,Nick Vespi,0,1,BAL,5,1.41,63843fcb972915bc12d3922e
28,11,0,0,15,5.13,16,3,24,1,6,26.1,12,2,Josh Rogers,0,0,WAS,2,1.33,63843fcb972915bc12d3922f
36,10,0,0,13,4.44,30,0,31,1,5,26.1,28,2,Ross Detwiler,0,1,CIN,0,1.56,63843fcb972915bc12d39230
24,6,0,0,11,3.81,5,5,26,0,4,26.0,21,2,Louie Varland,0,0,MIN,1,1.23,63843fcb972915bc12d39231
24,11,2,0,14,4.91,26,0,22,2,3,25.2,26,3,Yerry De Los Santos,0,3,PIT,0,1.29,63843fcb972915bc12d39232
35,10,0,0,5,1.75,28,0,19,7,5,25.2,28,0,Anthony Bass,0,0,TOR,2,1.13,63843fcb972915bc12d39233
27,6,1,0,9,3.16,22,0,25,1,2,25.2,26,2,Albert Abreu,0,0,NYY,2,1.21,63843fcb972915bc12d39234
24,7,0,0,9,3.20,14,1,26,0,4,25.1,26,1,Johan Oviedo,0,0,STL,2,1.30,63843fcb972915bc12d39235
26,19,0,0,13,4.62,8,2,15,0,2,25.1,26,1,Touki Toussaint,0,0,LAA,1,1.34,63843fcb972915bc12d39236
33,9,0,0,14,5.04,26,0,27,6,4,25.0,30,0,Trevor May,0,1,NYM,2,1.44,63843fcb972915bc12d39237
33,19,0,0,3,1.08,28,0,15,5,0,25.0,23,0,Jose Cisnero,0,0,DET,1,1.36,63843fcb972915bc12d39238
25,8,0,0,16,5.76,8,0,33,0,3,25.0,28,2,Sean Hjelle,0,0,SF,1,1.64,63843fcb972915bc12d39239
36,1,1,0,4,1.46,26,0,12,4,1,24.2,34,1,Chris Martin,0,2,LAD,3,0.53,63843fcb972915bc12d3923a
32,14,6,0,16,5.84,26,0,25,7,5,24.2,21,3,Hansel Robles,0,2,BOS,1,1.58,63843fcb972915bc12d3923b
24,9,1,0,8,2.92,24,0,19,0,2,24.2,15,1,Mason Thompson,0,1,WAS,1,1.14,63843fcb972915bc12d3923c
29,5,1,0,0,0.00,22,2,7,7,0,24.1,25,0,J.P. Feyereisen,0,1,TB,4,0.49,63843fcb972915bc12d3923d
29,8,0,0,10,3.70,26,0,30,7,3,24.1,22,2,Michael Fulmer,0,1,MIN,2,1.56,63843fcb972915bc12d3923e
25,7,0,0,4,1.48,4,4,20,0,2,24.1,24,0,Drey Jameson,0,0,ARI,3,1.11,63843fcb972915bc12d3923f
24,16,0,0,24,8.88,12,1,31,0,3,24.1,16,1,Miguel Yajure,0,1,PIT,1,1.93,63843fcb972915bc12d39240
35,5,1,0,6,2.22,25,0,17,9,1,24.1,30,3,Daniel Hudson,0,5,LAD,2,0.90,63843fcb972915bc12d39241
28,3,0,0,3,1.13,24,0,13,6,1,24.0,38,0,Pete Fairbanks,0,8,TB,0,0.67,63843fcb972915bc12d39242
34,15,0,0,17,6.38,9,7,17,0,3,24.0,23,4,Chase Anderson,0,0,CIN,2,1.33,63843fcb972915bc12d39243
30,10,0,0,9,3.38,16,0,22,2,3,24.0,28,1,Jeff Brigham,0,1,MIA,0,1.33,63843fcb972915bc12d39244
31,6,0,0,2,0.75,25,0,21,10,0,24.0,27,1,Tyler Kinley,0,0,COL,1,1.13,63843fcb972915bc12d39245
29,10,0,0,11,4.18,22,0,17,0,5,23.2,27,0,Reyes Moronta,0,0,LAD,0,1.14,63843fcb972915bc12d39246
29,3,0,0,10,3.80,14,0,24,1,4,23.2,12,0,Luis Perdomo,0,0,MIL,3,1.14,63843fcb972915bc12d39247
25,6,0,0,16,6.08,14,0,30,0,2,23.2,17,0,Adonis Medina,0,1,NYM,1,1.52,63843fcb972915bc12d39248
29,9,1,0,16,6.08,18,0,25,2,7,23.2,23,0,Trevor Kelley,0,0,MIL,1,1.44,63843fcb972915bc12d39249
25,6,1,0,10,3.80,24,0,22,3,4,23.2,13,1,Justin Bruihl,0,1,LAD,1,1.18,63843fcb972915bc12d3924a
26,12,0,0,6,2.28,7,5,21,1,3,23.2,23,2,Cody Morris,0,0,CLE,1,1.39,63843fcb972915bc12d3924b
32,11,0,0,19,7.23,23,0,26,1,4,23.2,23,0,Louis Head,0,1,MIA,0,1.56,63843fcb972915bc12d3924c
37,16,3,0,7,2.70,22,0,16,3,2,23.1,30,3,David Robertson,0,6,PHI,1,1.37,63843fcb972915bc12d3924d
31,10,3,0,14,5.48,24,0,20,4,6,23.0,36,3,Taylor Rogers,0,3,MIL,3,1.30,63843fcb972915bc12d3924e
36,8,4,0,11,4.30,25,1,16,9,6,23.0,29,2,Matt Bush,0,2,MIL,0,1.04,63843fcb972915bc12d3924f
32,12,0,0,7,2.78,20,0,22,0,0,22.2,23,0,Chris Stratton,0,0,STL,5,1.50,63843fcb972915bc12d39250
29,14,2,0,11,4.37,23,0,23,1,1,22.2,18,1,Jorge Lopez,0,4,MIN,0,1.63,63843fcb972915bc12d39251
29,15,0,0,23,9.13,17,1,26,2,7,22.2,24,1,Sean Newcomb,0,0,CHC,2,1.81,63843fcb972915bc12d39252
31,5,0,0,6,2.42,21,3,16,3,3,22.1,17,0,JT Chargois,0,0,TB,2,0.94,63843fcb972915bc12d39253
28,11,0,0,16,6.45,19,1,25,1,4,22.1,32,0,Josh Sborz,0,0,TEX,1,1.61,63843fcb972915bc12d39254
26,2,0,0,10,4.03,5,5,25,0,0,22.1,20,2,Chris Paddack,0,0,MIN,1,1.21,63843fcb972915bc12d39255
26,12,0,0,12,4.84,7,2,25,0,3,22.1,21,1,Corbin Martin,0,0,ARI,0,1.66,63843fcb972915bc12d39256
36,6,0,0,6,2.42,18,0,21,1,4,22.1,22,1,Tommy Hunter,0,0,NYM,0,1.21,63843fcb972915bc12d39257
27,7,0,0,6,2.45,12,0,20,0,4,22.0,21,1,Stephen Nogosek,0,0,NYM,1,1.23,63843fcb972915bc12d39258
26,5,0,0,5,2.05,7,2,14,0,1,22.0,15,0,JP Sears,0,0,NYY,3,0.86,63843fcb972915bc12d39259
33,4,0,0,8,3.27,24,0,23,6,2,22.0,24,2,Will Smith,0,0,HOU,0,1.23,63843fcb972915bc12d3925a
32,14,1,0,16,6.65,19,0,27,2,5,21.2,18,1,Drew VerHagen,0,0,STL,3,1.89,63843fcb972915bc12d3925b
31,10,1,0,4,1.66,25,0,18,2,1,21.2,22,2,Lou Trivino,0,1,NYY,1,1.29,63843fcb972915bc12d3925c
40,10,1,0,10,4.15,28,0,19,6,3,21.2,26,2,"Darren O'Day",0,0,ATL,2,1.34,63843fcb972915bc12d3925d
36,6,3,0,17,7.17,24,0,27,4,2,21.1,11,2,Jake McGee,0,3,SF,1,1.55,63843fcb972915bc12d3925e
27,10,1,0,13,5.48,22,0,26,1,4,21.1,21,3,Calvin Faucher,0,1,TB,2,1.69,63843fcb972915bc12d3925f
26,10,0,0,12,5.14,4,4,23,0,4,21.0,9,2,Jackson Tetreault,0,0,WAS,2,1.57,63843fcb972915bc12d39260
25,6,0,0,17,7.29,10,0,21,0,9,21.0,19,2,Kolby Allard,0,1,TEX,1,1.29,63843fcb972915bc12d39261
32,14,1,0,11,4.71,22,0,15,0,4,21.0,28,0,Anthony Gose,0,0,CLE,3,1.38,63843fcb972915bc12d39262
32,6,1,0,11,4.79,19,1,24,1,3,20.2,20,1,Mychal Givens,0,0,NYM,1,1.45,63843fcb972915bc12d39263
27,10,0,0,5,2.18,17,2,12,4,2,20.2,18,0,Jesus Tinoco,0,0,TEX,0,1.06,63843fcb972915bc12d39264
32,9,1,0,14,6.10,22,0,21,3,3,20.2,10,1,Jacob Barnes,0,0,DET,3,1.45,63843fcb972915bc12d39265
27,10,0,0,11,4.79,19,0,21,4,1,20.2,20,1,Wyatt Mills,0,0,KC,0,1.50,63843fcb972915bc12d39266
23,5,0,0,7,3.05,9,2,15,0,4,20.2,20,0,Max Castillo,0,0,TOR,0,0.97,63843fcb972915bc12d39267
27,10,0,0,8,3.54,4,4,14,0,3,20.1,17,0,Bryan Garcia,0,0,DET,2,1.18,63843fcb972915bc12d39268
27,10,1,0,19,8.41,25,0,25,6,3,20.1,12,0,Bennett Sousa,0,1,CWS,3,1.72,63843fcb972915bc12d39269
24,7,0,0,2,0.89,7,2,15,1,0,20.1,22,0,Hunter Brown,0,0,HOU,2,1.08,63843fcb972915bc12d3926a
30,10,0,0,16,7.08,12,0,25,0,3,20.1,16,0,Ashton Goudeau,0,1,COL,1,1.72,63843fcb972915bc12d3926b
23,13,0,0,18,8.10,6,6,26,0,6,20.0,11,2,Luis Patino,0,0,TB,1,1.95,63843fcb972915bc12d3926c
30,11,0,0,21,9.45,5,4,36,0,4,20.0,14,3,Kohei Arihara,0,0,TEX,1,2.35,63843fcb972915bc12d3926d
32,2,3,0,7,3.15,17,0,15,0,4,20.0,14,1,Andrew Kittredge,0,5,TB,3,0.85,63843fcb972915bc12d3926e
26,2,0,0,8,3.60,18,0,23,1,1,20.0,14,0,Zach Pop,0,0,MIA,2,1.25,63843fcb972915bc12d3926f
30,10,2,0,9,4.05,19,0,14,3,2,20.0,29,1,Dinelson Lamet,0,0,COL,1,1.20,63843fcb972915bc12d39270
25,12,3,0,12,5.49,21,0,23,6,1,19.2,21,1,Tony Santillan,0,4,CIN,0,1.78,63843fcb972915bc12d39271
29,5,0,0,14,6.41,23,0,34,2,3,19.2,22,0,Anthony Banda,0,0,PIT,1,1.98,63843fcb972915bc12d39272
29,8,0,0,12,5.59,14,0,28,0,0,19.1,19,0,Luke Weaver,0,0,KC,0,1.86,63843fcb972915bc12d39273
35,12,0,0,14,6.52,26,0,25,4,4,19.1,28,3,Jake Diekman,0,0,CWS,0,1.91,63843fcb972915bc12d39274
27,5,1,0,5,2.33,17,1,16,2,2,19.1,14,1,Gabe Speier,0,0,KC,0,1.09,63843fcb972915bc12d39275
27,8,2,0,7,3.26,22,0,17,3,3,19.1,17,3,Anthony Bender,0,6,MIA,1,1.29,63843fcb972915bc12d39276
28,7,1,0,15,7.11,14,0,30,1,4,19.0,18,1,Norge Ruiz,0,0,OAK,0,1.95,63843fcb972915bc12d39277
26,2,0,0,4,1.89,17,0,18,2,1,19.0,11,0,Zach Pop,0,0,TOR,2,1.05,63843fcb972915bc12d39278
28,6,0,0,9,4.26,21,0,17,4,4,19.0,13,0,Ryan Borucki,0,0,SEA,2,1.21,63843fcb972915bc12d39279
32,4,0,0,14,6.63,5,5,34,0,4,19.0,17,2,Anthony DeSclafani,0,0,SF,0,2.00,63843fcb972915bc12d3927a
30,7,2,0,10,4.82,21,0,17,4,1,18.2,15,1,Archie Bradley,0,2,LAA,0,1.29,63843fcb972915bc12d3927b
34,7,0,0,20,9.64,4,4,27,0,4,18.2,18,2,Dallas Keuchel,0,0,ARI,0,1.82,63843fcb972915bc12d3927c
23,10,0,0,19,9.16,5,4,23,0,4,18.2,17,2,Max Castillo,0,0,KC,0,1.77,63843fcb972915bc12d3927d
29,15,1,0,12,5.79,18,0,22,1,1,18.2,19,0,Eric Stout,0,1,PIT,0,1.98,63843fcb972915bc12d3927e
30,6,0,0,21,10.13,19,0,34,1,4,18.2,18,0,Austin Voth,0,0,WAS,0,2.14,63843fcb972915bc12d3927f
28,4,0,0,5,2.41,13,0,8,0,1,18.2,25,0,Garrett Cleavinger,0,0,TB,1,0.64,63843fcb972915bc12d39280
26,8,0,0,23,11.29,5,5,35,0,5,18.1,19,4,Connor Seabold,0,0,BOS,0,2.35,63843fcb972915bc12d39281
26,12,0,0,9,4.42,8,0,20,0,2,18.1,12,0,Ronald Bolanos,0,0,KC,0,1.75,63843fcb972915bc12d39282
32,5,1,0,10,4.91,16,0,16,0,4,18.1,18,0,Sam Selman,0,0,OAK,0,1.15,63843fcb972915bc12d39283
24,16,0,0,11,5.40,7,0,14,0,4,18.1,19,2,Anderson Espinoza,0,0,CHC,0,1.64,63843fcb972915bc12d39284
24,6,0,0,3,1.47,3,3,9,0,2,18.1,16,1,Ryne Nelson,0,0,ARI,1,0.82,63843fcb972915bc12d39285
27,15,1,0,15,7.50,15,0,16,0,2,18.0,23,1,Chad Smith,0,0,COL,0,1.72,63843fcb972915bc12d39286
35,4,0,0,15,7.50,6,0,23,0,5,18.0,11,1,Casey Lawrence,0,0,TOR,0,1.50,63843fcb972915bc12d39287
30,3,0,0,19,9.68,7,2,28,0,7,17.2,11,1,Alec Mills,0,0,CHC,0,1.75,63843fcb972915bc12d39288
33,8,0,0,9,4.58,15,0,20,0,1,17.2,9,1,Adam Kolarek,0,0,OAK,0,1.58,63843fcb972915bc12d39289
32,7,0,0,8,4.08,15,0,19,3,2,17.2,15,2,Derek Law,0,0,CIN,2,1.47,63843fcb972915bc12d3928a
27,7,0,0,4,2.04,15,0,11,1,0,17.2,18,0,Colin Holderman,0,0,NYM,4,1.02,63843fcb972915bc12d3928b
25,5,0,0,13,6.75,13,0,23,0,4,17.1,12,0,Elvis Peguero,0,0,LAA,0,1.62,63843fcb972915bc12d3928c
25,3,1,0,6,3.12,17,0,20,0,1,17.1,10,0,Logan Gillaspie,0,0,BAL,1,1.33,63843fcb972915bc12d3928d
28,9,0,0,16,8.31,20,0,24,1,2,17.1,22,0,James Norwood,0,0,PHI,1,1.90,63843fcb972915bc12d3928e
33,1,0,0,2,1.04,17,4,12,5,1,17.1,10,0,Scott Alexander,0,2,SF,0,0.75,63843fcb972915bc12d3928f
28,5,1,0,7,3.63,14,0,22,1,2,17.1,14,1,Taylor Widener,0,0,ARI,0,1.56,63843fcb972915bc12d39290
31,14,0,0,16,8.47,11,0,25,0,1,17.0,12,0,Domingo Tapia,0,0,OAK,0,2.29,63843fcb972915bc12d39291
29,3,2,0,10,5.29,18,0,16,1,5,17.0,15,2,Keynan Middleton,0,0,ARI,1,1.12,63843fcb972915bc12d39292
24,7,0,0,11,5.82,10,0,14,0,2,17.0,13,0,Edwin Uceta,0,0,ARI,0,1.24,63843fcb972915bc12d39293
24,17,0,0,20,10.59,15,0,23,3,1,17.0,14,1,Luis Frias,0,0,ARI,1,2.35,63843fcb972915bc12d39294
35,6,0,0,10,5.40,7,0,14,0,4,16.2,5,1,Tommy Milone,0,0,SEA,1,1.20,63843fcb972915bc12d39295
33,14,1,0,13,7.16,20,0,17,2,5,16.1,12,0,Heath Hembree,0,0,PIT,2,1.90,63843fcb972915bc12d39296
29,5,0,0,14,7.71,12,1,24,0,1,16.1,19,1,Luke Weaver,0,0,ARI,1,1.78,63843fcb972915bc12d39297
26,8,0,0,8,4.41,17,1,14,1,2,16.1,20,0,Mauricio Llovera,0,0,SF,0,1.35,63843fcb972915bc12d39298
28,7,0,0,14,7.71,9,0,18,0,4,16.1,13,0,Jacob Lemoine,0,0,OAK,0,1.53,63843fcb972915bc12d39299
28,4,0,0,8,4.41,4,4,13,0,4,16.1,12,1,Tyler Mahle,0,0,MIN,1,1.04,63843fcb972915bc12d3929a
31,7,0,0,8,4.41,13,0,12,0,0,16.1,13,1,Phillips Valdez,0,0,BOS,0,1.16,63843fcb972915bc12d3929b
28,0,0,0,7,3.86,11,0,16,1,1,16.1,15,0,Cody Stashak,0,0,MIN,3,0.98,63843fcb972915bc12d3929c
27,4,0,0,5,2.76,12,0,12,0,4,16.1,11,0,Eduard Bazardo,0,0,BOS,1,0.98,63843fcb972915bc12d3929d
26,5,1,0,10,5.63,14,0,19,0,3,16.0,9,0,Austin Warren,0,0,LAA,2,1.50,63843fcb972915bc12d3929e
23,10,0,0,8,4.50,4,4,8,0,1,16.0,17,2,Luis Ortiz,0,0,PIT,0,1.13,63843fcb972915bc12d3929f
27,8,0,0,6,3.38,17,0,13,2,2,16.0,9,1,Javy Guerra,0,0,TB,2,1.31,63843fcb972915bc12d392a0
28,9,2,0,13,7.31,19,0,17,0,1,16.0,22,1,Josh Hader,0,7,SD,1,1.63,63843fcb972915bc12d392a1
27,10,0,0,7,3.94,19,0,15,4,1,16.0,9,1,Blake Taylor,0,0,HOU,1,1.56,63843fcb972915bc12d392a2
29,11,0,0,7,4.02,14,0,10,3,0,15.2,19,0,Kyle Crick,0,0,CWS,2,1.34,63843fcb972915bc12d392a3
26,11,0,0,17,9.77,7,0,27,2,4,15.2,17,0,Jackson Kowar,0,0,KC,0,2.43,63843fcb972915bc12d392a4
26,10,0,0,5,2.93,4,3,13,0,1,15.1,11,1,Jhonathan Diaz,0,0,LAA,1,1.50,63843fcb972915bc12d392a5
28,4,0,0,7,4.11,15,0,13,2,3,15.1,19,1,Anthony Misiewicz,0,0,KC,1,1.11,63843fcb972915bc12d392a6
33,7,0,0,7,4.11,15,0,18,3,1,15.1,11,0,Justin Grimm,0,0,OAK,0,1.63,63843fcb972915bc12d392a7
33,9,2,0,9,5.28,21,0,17,1,3,15.1,15,1,Jose Alvarez,0,1,SF,2,1.70,63843fcb972915bc12d392a8
29,3,1,0,8,4.70,8,0,17,0,2,15.1,9,2,Robert Gsellman,0,1,CHC,0,1.30,63843fcb972915bc12d392a9
25,8,1,0,5,2.93,13,0,17,3,3,15.1,12,0,Junior Fernandez,0,0,STL,0,1.63,63843fcb972915bc12d392aa
26,13,0,0,11,6.46,4,3,15,0,0,15.1,10,2,Tucker Davidson,0,0,ATL,1,1.83,63843fcb972915bc12d392ab
31,5,3,0,5,3.00,14,0,13,3,1,15.0,16,1,Chad Green,0,1,NYY,1,1.20,63843fcb972915bc12d392ac
27,5,0,0,8,4.80,9,0,14,0,4,15.0,19,0,Jeremy Beasley,0,0,TOR,0,1.27,63843fcb972915bc12d392ad
27,3,0,0,5,3.07,8,0,12,0,0,14.2,12,0,Phoenix Sanders,0,0,TB,0,1.02,63843fcb972915bc12d392ae
24,14,0,0,16,9.82,13,0,25,1,5,14.2,24,1,Andrew Nardi,0,0,MIA,1,2.66,63843fcb972915bc12d392af
32,9,0,0,2,1.23,14,2,9,1,1,14.2,21,1,Fernando Cruz,0,0,CIN,0,1.23,63843fcb972915bc12d392b0
31,8,1,0,8,5.02,15,0,14,6,1,14.1,21,2,Pierce Johnson,0,0,SD,1,1.53,63843fcb972915bc12d392b1
31,5,2,0,9,5.65,16,0,21,4,2,14.1,10,2,Drew Steckenrider,0,2,SEA,0,1.81,63843fcb972915bc12d392b2
26,9,0,0,6,3.77,15,0,9,0,2,14.1,16,0,JoJo Romero,0,0,STL,0,1.26,63843fcb972915bc12d392b3
39,4,0,0,13,8.16,17,0,18,4,6,14.1,11,0,Sergio Romo,0,0,SEA,0,1.53,63843fcb972915bc12d392b4
29,8,2,0,7,4.50,17,0,13,4,0,14.0,11,2,Reyes Moronta,0,2,ARI,2,1.50,63843fcb972915bc12d392b5
32,7,0,0,3,1.93,8,0,7,0,0,14.0,8,1,Luke Bard,0,0,TB,1,1.00,63843fcb972915bc12d392b6
26,4,0,0,3,1.98,10,0,12,1,2,13.2,16,0,Thomas Szapucki,0,0,SF,0,1.17,63843fcb972915bc12d392b7
24,6,0,0,9,5.93,11,1,17,0,0,13.2,19,1,DL Hall,0,1,BAL,1,1.68,63843fcb972915bc12d392b8
27,4,0,0,6,3.95,13,0,14,1,2,13.2,11,0,Zack Kelly,0,0,BOS,1,1.32,63843fcb972915bc12d392b9
28,6,0,0,7,4.61,17,0,14,3,1,13.2,8,1,Anthony Misiewicz,0,0,SEA,0,1.46,63843fcb972915bc12d392ba
26,4,0,0,6,3.95,5,1,11,0,1,13.2,10,0,Reiss Knehr,0,0,SD,0,1.10,63843fcb972915bc12d392bb
26,9,2,0,5,3.29,14,0,10,2,1,13.2,8,0,Manuel Rodriguez,0,4,CHC,2,1.39,63843fcb972915bc12d392bc
28,11,0,0,14,9.22,10,0,17,0,3,13.2,14,0,Yennier Cano,0,0,MIN,1,2.05,63843fcb972915bc12d392bd
27,10,1,0,11,7.43,12,0,19,0,5,13.1,12,0,Anthony Castro,0,0,CLE,0,2.18,63843fcb972915bc12d392be
28,8,1,0,4,2.70,12,0,10,1,1,13.1,21,1,Jake Cousins,0,0,MIL,2,1.35,63843fcb972915bc12d392bf
28,8,0,0,6,4.05,12,0,12,2,3,13.1,9,1,Miguel Sanchez,0,0,MIL,1,1.50,63843fcb972915bc12d392c0
27,2,0,0,5,3.38,6,0,9,1,1,13.1,19,1,Adbert Alzolay,0,0,CHC,2,0.83,63843fcb972915bc12d392c1
29,1,1,0,5,3.38,13,0,10,2,2,13.1,18,1,Robert Stephenson,0,0,PIT,0,0.83,63843fcb972915bc12d392c2
30,7,0,0,5,3.38,12,0,7,1,2,13.1,18,1,Zack Weiss,0,0,LAA,0,1.05,63843fcb972915bc12d392c3
31,8,0,0,2,1.35,10,0,5,1,0,13.1,13,0,Matthew Boyd,0,0,SEA,2,0.98,63843fcb972915bc12d392c4
29,6,1,0,2,1.38,11,0,6,0,1,13.0,12,1,Matt Gage,0,0,TOR,0,0.92,63843fcb972915bc12d392c5
29,5,0,0,3,2.08,11,0,9,1,1,13.0,16,0,Tyler Cyr,0,0,OAK,1,1.08,63843fcb972915bc12d392c6
28,0,0,0,5,3.46,12,0,14,3,2,13.0,8,3,Joel Payamps,0,0,OAK,1,1.08,63843fcb972915bc12d392c7
27,9,0,0,8,5.68,14,0,11,1,2,12.2,12,0,Kodi Whitley,0,0,STL,2,1.58,63843fcb972915bc12d392c8
28,3,0,0,5,3.55,6,0,16,0,2,12.2,9,0,Beau Sulser,0,0,BAL,0,1.50,63843fcb972915bc12d392c9
26,5,0,0,17,12.08,8,1,19,0,5,12.2,6,1,Bryan Hoeing,0,0,MIA,1,1.89,63843fcb972915bc12d392ca
25,4,0,0,3,2.13,8,0,9,0,2,12.2,7,0,Angel De Jesus,0,0,DET,0,1.03,63843fcb972915bc12d392cb
28,4,0,0,3,2.13,13,0,9,3,1,12.2,12,0,Scott Effross,0,3,NYY,0,1.03,63843fcb972915bc12d392cc
30,7,0,0,11,7.82,12,0,12,3,1,12.2,12,0,Sam Coonrod,0,0,PHI,0,1.50,63843fcb972915bc12d392cd
33,3,0,0,4,2.84,13,0,5,1,2,12.2,14,0,Tommy Kahnle,0,1,LAD,0,0.63,63843fcb972915bc12d392ce
30,9,0,0,13,9.49,13,0,16,1,2,12.1,16,1,Dinelson Lamet,0,0,SD,0,2.03,63843fcb972915bc12d392cf
25,8,0,0,11,8.03,3,3,13,0,2,12.1,12,1,Kyle Muller,0,0,ATL,1,1.70,63843fcb972915bc12d392d0
33,9,0,0,2,1.46,10,0,7,0,0,12.1,9,0,Danny Coulombe,0,0,MIN,0,1.30,63843fcb972915bc12d392d1
26,4,0,0,5,3.65,5,0,11,1,2,12.1,12,0,Brandon Bielak,0,0,HOU,0,1.22,63843fcb972915bc12d392d2
30,7,0,0,8,6.00,12,0,9,1,1,12.0,12,0,Paul Fry,0,0,BAL,0,1.33,63843fcb972915bc12d392d3
30,6,0,0,9,6.75,8,0,19,0,1,12.0,13,1,Tayler Scott,0,0,SD,0,2.08,63843fcb972915bc12d392d4
26,6,0,0,5,3.86,6,1,9,0,1,11.2,7,0,Justus Sheffield,0,0,SEA,1,1.29,63843fcb972915bc12d392d5
22,3,0,0,3,2.31,3,0,8,0,1,11.2,9,1,Ronny Henriquez,0,0,MIN,0,0.94,63843fcb972915bc12d392d6
26,4,0,0,9,6.94,9,0,10,0,2,11.2,6,1,Aaron Fletcher,0,0,PIT,0,1.20,63843fcb972915bc12d392d7
27,5,0,0,7,5.56,12,0,6,1,1,11.1,11,0,Greg Weissert,0,0,NYY,3,0.97,63843fcb972915bc12d392d8
25,12,0,0,13,10.32,3,3,11,0,0,11.1,9,2,Caleb Kilian,0,0,CHC,0,2.03,63843fcb972915bc12d392d9
30,4,0,0,8,6.35,4,2,12,0,3,11.1,8,1,Chi Chi Gonzalez,0,0,MIL,0,1.41,63843fcb972915bc12d392da
31,3,0,0,5,4.09,4,2,12,0,2,11.0,9,0,Luke Farrell,0,0,CHC,0,1.36,63843fcb972915bc12d392db
29,5,0,0,7,5.73,8,0,14,0,2,11.0,10,0,Yoan Lopez,0,0,NYM,1,1.73,63843fcb972915bc12d392dc
26,18,0,0,9,7.36,11,0,8,0,2,11.0,15,0,Jose Marte,0,0,LAA,0,2.36,63843fcb972915bc12d392dd
23,3,0,0,2,1.64,3,2,9,1,2,11.0,3,1,Angel Zerpa,0,0,KC,2,1.09,63843fcb972915bc12d392de
32,4,0,0,7,5.73,6,0,11,0,4,11.0,9,1,Dusten Knight,0,0,TB,0,1.36,63843fcb972915bc12d392df
27,0,0,0,5,4.09,7,0,13,2,0,11.0,6,0,Jake Fishman,0,0,MIA,0,1.18,63843fcb972915bc12d392e0
27,7,0,0,8,6.75,9,0,9,1,0,10.2,6,0,Colin Holderman,0,0,PIT,1,1.50,63843fcb972915bc12d392e1
27,6,0,0,5,4.22,3,1,9,0,1,10.2,8,0,Kenny Rosenberg,0,0,LAA,0,1.41,63843fcb972915bc12d392e2
23,5,0,0,9,7.59,8,0,11,0,3,10.2,7,1,Kervin Castro,0,0,CHC,0,1.50,63843fcb972915bc12d392e3
39,4,2,0,9,7.59,11,0,15,0,2,10.2,10,0,Jesse Chavez,0,0,LAA,1,1.78,63843fcb972915bc12d392e4
32,1,0,0,1,0.84,5,0,6,0,1,10.2,3,0,Ryan Weber,0,1,NYY,0,0.66,63843fcb972915bc12d392e5
27,7,0,0,18,15.19,3,3,24,0,5,10.2,5,3,T.J. Zeuch,0,0,CIN,0,2.91,63843fcb972915bc12d392e6
27,8,0,0,13,10.97,4,2,16,0,1,10.2,8,2,Tyson Miller,0,0,TEX,1,2.25,63843fcb972915bc12d392e7
27,7,0,0,8,6.75,3,1,11,0,3,10.2,12,1,Robert Dugger,0,0,CIN,0,1.69,63843fcb972915bc12d392e8
32,1,0,0,9,7.59,10,0,14,0,2,10.2,9,1,Chris Devenski,0,0,ARI,2,1.41,63843fcb972915bc12d392e9
31,3,0,0,2,1.74,6,0,9,0,0,10.1,5,0,Mark Appel,0,0,PHI,0,1.16,63843fcb972915bc12d392ea
33,7,1,0,7,6.10,10,0,10,1,1,10.1,8,2,Jeurys Familia,0,0,BOS,1,1.65,63843fcb972915bc12d392eb
28,6,0,0,11,9.58,6,0,14,0,3,10.1,8,1,Travis Lakins,0,0,BAL,0,1.94,63843fcb972915bc12d392ec
34,4,0,0,14,12.60,2,2,18,0,1,10.0,7,2,Dallas Keuchel,0,0,TEX,0,2.20,63843fcb972915bc12d392ed
27,7,0,0,6,5.40,7,0,7,0,1,10.0,8,0,Sean Reid-Foley,0,0,NYM,0,1.40,63843fcb972915bc12d392ee
36,5,0,0,7,6.30,12,0,7,0,2,10.0,10,1,Jake McGee,0,0,WAS,0,1.20,63843fcb972915bc12d392ef
25,2,0,0,6,5.40,2,2,13,0,1,10.0,4,1,Casey Mize,0,0,DET,0,1.50,63843fcb972915bc12d392f0
26,4,0,0,2,1.86,4,0,9,1,0,9.2,9,0,Andre Jackson,0,1,LAD,0,1.34,63843fcb972915bc12d392f1
28,6,0,0,4,3.72,4,0,8,0,1,9.2,10,0,Beau Sulser,0,0,PIT,0,1.45,63843fcb972915bc12d392f2
28,2,0,0,5,4.66,4,0,11,0,1,9.2,9,0,Collin Wiles,0,0,OAK,0,1.34,63843fcb972915bc12d392f3
34,6,1,0,3,2.79,5,0,4,0,1,9.2,4,1,Tyler Thornburg,0,0,MIN,0,1.03,63843fcb972915bc12d392f4
29,6,0,0,5,4.66,6,0,14,0,1,9.2,4,0,Tyler Beede,0,0,SF,0,2.07,63843fcb972915bc12d392f5
32,5,0,0,6,5.59,6,0,8,0,0,9.2,11,0,Juan Minaya,0,0,MIN,1,1.34,63843fcb972915bc12d392f6
30,5,0,0,7,6.75,9,0,12,0,3,9.1,15,1,Jimmy Yacabonis,0,0,MIA,1,1.82,63843fcb972915bc12d392f7
34,5,0,0,4,3.86,9,0,12,0,0,9.1,10,0,Tyler Thornburg,0,0,ATL,0,1.82,63843fcb972915bc12d392f8
32,2,0,0,8,7.71,5,0,11,0,3,9.1,7,0,Aaron Brooks,0,0,STL,0,1.39,63843fcb972915bc12d392f9
24,6,0,0,6,5.79,2,2,13,0,1,9.1,3,1,Xzavion Curry,0,0,CLE,0,2.04,63843fcb972915bc12d392fa
29,8,0,0,7,6.75,7,0,13,0,1,9.1,6,1,Reed Garrett,0,0,WAS,0,2.25,63843fcb972915bc12d392fb
28,4,0,0,6,6.00,8,0,8,1,3,9.0,7,1,Ryan Burr,0,0,CWS,1,1.33,63843fcb972915bc12d392fc
26,2,0,0,3,3.00,10,0,8,0,1,9.0,6,0,Tyler Holton,0,0,ARI,0,1.11,63843fcb972915bc12d392fd
29,2,0,0,5,5.00,7,0,8,0,2,9.0,5,0,James Naile,0,0,STL,0,1.11,63843fcb972915bc12d392fe
30,5,1,0,3,3.00,9,0,8,1,0,9.0,8,0,Steven Brault,0,0,CHC,0,1.44,63843fcb972915bc12d392ff
32,4,0,0,3,3.00,8,0,7,2,0,9.0,9,1,Kyle Barraclough,0,0,LAA,0,1.22,63843fcb972915bc12d39300
27,12,0,0,3,3.12,7,0,4,0,2,8.2,9,0,Albert Abreu,0,0,TEX,0,1.85,63843fcb972915bc12d39301
27,3,0,0,4,4.15,8,0,5,0,0,8.2,6,0,Wyatt Mills,0,0,SEA,0,0.92,63843fcb972915bc12d39302
27,3,0,0,1,1.04,6,0,5,0,0,8.2,6,0,Luis Ortiz,0,0,SF,0,0.92,63843fcb972915bc12d39303
27,0,0,0,2,2.08,5,0,4,0,1,8.2,7,0,Drew Carlton,0,0,DET,0,0.46,63843fcb972915bc12d39304
25,7,0,0,4,4.15,4,1,9,0,1,8.2,7,1,Evan Lee,0,0,WAS,0,1.85,63843fcb972915bc12d39305
25,9,0,0,7,7.27,10,0,13,0,2,8.2,7,0,Francisco Perez,0,0,WAS,0,2.54,63843fcb972915bc12d39306
28,5,0,0,10,10.38,8,0,15,1,2,8.2,15,0,Cam Vieaux,0,0,PIT,0,2.31,63843fcb972915bc12d39307
27,4,0,0,6,6.23,7,0,8,0,3,8.2,6,0,Jesus Cruz,0,0,ATL,0,1.38,63843fcb972915bc12d39308
27,6,1,0,7,7.56,7,0,7,0,3,8.1,10,0,Yohan Ramirez,0,0,SEA,1,1.56,63843fcb972915bc12d39309
26,3,0,0,6,6.48,3,2,10,0,1,8.1,11,1,Janson Junk,0,0,LAA,1,1.56,63843fcb972915bc12d3930a
25,5,0,0,10,10.80,9,0,8,0,3,8.1,9,0,Jared Solomon,0,0,CIN,0,1.56,63843fcb972915bc12d3930b
31,3,0,0,2,2.16,4,0,7,0,0,8.1,8,0,Manny Banuelos,0,1,NYY,0,1.20,63843fcb972915bc12d3930c
27,6,0,0,5,5.40,9,0,9,0,0,8.1,9,0,Ryan Hendrix,0,0,CIN,0,1.80,63843fcb972915bc12d3930d
29,2,0,0,3,3.38,2,2,8,0,0,8.0,7,0,John Means,0,0,BAL,0,1.25,63843fcb972915bc12d3930e
30,4,0,0,6,6.75,5,0,11,0,0,8.0,8,0,Jharel Cotton,0,0,SF,2,1.88,63843fcb972915bc12d3930f
28,3,0,0,4,4.50,6,0,8,0,2,8.0,2,0,Rico Garcia,0,0,BAL,0,1.38,63843fcb972915bc12d39310
25,6,0,0,7,8.22,9,0,10,1,3,7.2,9,1,Ethan Roberts,0,0,CHC,0,2.09,63843fcb972915bc12d39311
30,4,0,0,3,3.52,2,0,7,0,3,7.2,4,1,Dereck Rodriguez,0,0,MIN,0,1.43,63843fcb972915bc12d39312
26,1,0,0,2,2.35,3,1,8,0,0,7.2,3,0,Denyi Reyes,0,0,BAL,0,1.17,63843fcb972915bc12d39313
34,3,0,0,3,3.52,7,0,7,0,1,7.2,6,0,Roenis Elias,0,0,SEA,0,1.30,63843fcb972915bc12d39314
31,5,0,0,3,3.52,4,0,7,0,1,7.2,3,0,Jose Urena,0,0,MIL,0,1.57,63843fcb972915bc12d39315
26,1,0,0,3,3.68,2,0,9,0,1,7.1,7,1,Michael Plassmeyer,0,0,PHI,0,1.36,63843fcb972915bc12d39316
31,4,0,0,4,4.91,7,0,9,1,0,7.1,4,0,Justin Topa,0,0,MIL,0,1.77,63843fcb972915bc12d39317
28,4,0,0,5,6.14,6,0,7,0,0,7.1,9,0,Anderson Severino,0,0,CWS,0,1.50,63843fcb972915bc12d39318
24,3,0,0,15,18.41,2,2,15,0,7,7.1,5,2,Hunter Gaddis,0,0,CLE,0,2.45,63843fcb972915bc12d39319
28,2,0,0,4,4.91,7,0,9,0,0,7.1,4,0,Matt Peacock,0,0,KC,0,1.50,63843fcb972915bc12d3931a
27,3,0,0,3,3.68,7,0,5,1,0,7.1,8,0,Parker Mushinski,0,0,HOU,0,1.09,63843fcb972915bc12d3931b
31,0,0,0,6,7.71,3,0,9,0,0,7.0,4,1,Kevin Herget,0,0,TB,0,1.29,63843fcb972915bc12d3931c
25,4,0,0,6,7.71,6,0,7,0,1,7.0,8,2,Gavin Hollowell,0,0,COL,0,1.57,63843fcb972915bc12d3931d
30,0,0,0,6,7.71,2,2,12,0,2,7.0,4,0,Chi Chi Gonzalez,0,0,MIN,0,1.71,63843fcb972915bc12d3931e
35,5,0,0,4,5.14,9,0,6,2,2,7.0,6,0,Kirby Yates,0,0,ATL,0,1.57,63843fcb972915bc12d3931f
29,1,0,0,4,5.14,5,1,10,0,1,7.0,8,1,Daniel Mengden,0,1,KC,0,1.57,63843fcb972915bc12d39320
34,3,0,0,3,3.86,7,0,4,1,1,7.0,5,0,Spencer Patton,0,0,TEX,0,1.00,63843fcb972915bc12d39321
32,3,0,0,5,6.43,4,0,6,1,0,7.0,14,1,Shelby Miller,0,0,SF,0,1.29,63843fcb972915bc12d39322
28,1,0,0,0,0.00,2,1,7,0,0,7.0,6,0,Yonny Chirinos,0,0,TB,1,1.14,63843fcb972915bc12d39323
24,9,0,0,9,11.57,4,0,10,0,1,7.0,6,1,A.J. Alexy,0,0,TEX,1,2.71,63843fcb972915bc12d39324
25,8,0,0,16,21.60,7,0,14,0,4,6.2,9,1,Darwinzon Hernandez,0,0,BOS,0,3.30,63843fcb972915bc12d39325
32,3,0,0,8,10.80,7,0,10,0,1,6.2,5,0,Shawn Armstrong,0,0,MIA,0,1.95,63843fcb972915bc12d39326
29,2,0,0,1,1.35,2,2,4,0,1,6.2,10,0,Tyler Glasnow,0,0,TB,0,0.90,63843fcb972915bc12d39327
28,6,0,0,7,9.45,6,0,5,0,0,6.2,5,0,Lucas Sims,0,1,CIN,1,1.65,63843fcb972915bc12d39328
24,6,0,0,10,13.50,2,2,11,0,2,6.2,8,2,Huascar Ynoa,0,0,ATL,0,2.55,63843fcb972915bc12d39329
30,3,0,0,3,4.05,4,0,4,0,0,6.2,5,0,Austin Brice,0,0,PIT,0,1.05,63843fcb972915bc12d3932a
29,3,0,0,6,8.10,9,0,6,0,1,6.2,6,0,Andrew Vasquez,0,0,TOR,0,1.35,63843fcb972915bc12d3932b
29,3,0,0,0,0.00,2,0,5,0,0,6.1,3,0,Kyle Dowdy,0,0,CIN,0,1.26,63843fcb972915bc12d3932c
25,8,0,0,5,7.11,2,2,8,0,1,6.1,7,0,Ethan Small,0,0,MIL,0,2.53,63843fcb972915bc12d3932d
29,4,0,0,5,7.11,7,0,8,0,1,6.1,7,0,Ronel Blanco,0,0,HOU,0,1.89,63843fcb972915bc12d3932e
30,6,0,0,8,11.37,5,0,4,0,2,6.1,6,0,Jake Reed,0,0,NYM,1,1.58,63843fcb972915bc12d3932f
29,3,0,0,3,4.26,7,1,7,0,1,6.1,7,1,Anthony Banda,0,0,TOR,0,1.58,63843fcb972915bc12d39330
28,5,0,0,7,9.95,11,0,7,2,2,6.1,8,0,Ryan Borucki,0,0,TOR,0,1.89,63843fcb972915bc12d39331
25,3,0,0,3,4.50,4,0,9,0,0,6.0,6,0,Logan Allen,0,0,CLE,1,2.00,63843fcb972915bc12d39332
23,2,0,0,5,7.50,2,2,7,0,2,6.0,6,1,Max Meyer,0,0,MIA,0,1.50,63843fcb972915bc12d39333
27,6,0,0,4,6.00,3,0,8,0,1,6.0,2,0,Tanner Tully,0,0,CLE,0,2.33,63843fcb972915bc12d39334
24,4,0,0,2,3.18,7,0,6,0,1,5.2,4,0,Cole Waites,0,0,SF,0,1.76,63843fcb972915bc12d39335
28,3,0,0,7,11.12,5,0,8,0,3,5.2,3,0,Phillip Diehl,0,0,CIN,0,1.94,63843fcb972915bc12d39336
33,1,0,0,2,3.18,2,2,5,0,0,5.2,5,1,Chris Sale,0,0,BOS,0,1.06,63843fcb972915bc12d39337
36,1,1,0,4,6.35,6,0,7,0,2,5.2,4,0,Jake McGee,0,0,MIL,0,1.41,63843fcb972915bc12d39338
39,2,1,0,4,6.35,3,0,7,0,1,5.2,3,0,Jesse Chavez,0,0,CHC,0,1.59,63843fcb972915bc12d39339
26,5,0,0,1,1.59,5,0,4,0,0,5.2,8,0,Marcos Diplan,0,0,BAL,0,1.59,63843fcb972915bc12d3933a
24,3,0,0,2,3.18,5,0,6,0,1,5.2,8,0,Jeremiah Estrada,0,0,CHC,0,1.59,63843fcb972915bc12d3933b
30,1,0,0,4,6.35,8,0,7,0,0,5.2,5,0,Jake Reed,0,0,BAL,1,1.41,63843fcb972915bc12d3933c
27,8,0,0,4,6.35,6,0,8,0,0,5.2,4,0,Patrick Murphy,0,0,WAS,0,2.82,63843fcb972915bc12d3933d
32,7,0,0,4,6.35,7,0,4,2,1,5.2,3,0,Arodys Vizcaino,0,0,KC,0,1.94,63843fcb972915bc12d3933e
33,3,0,0,5,7.94,6,0,9,0,1,5.2,5,1,Heath Hembree,0,0,LAD,1,2.12,63843fcb972915bc12d3933f
36,0,0,0,0,0.00,6,0,1,2,0,5.1,6,0,Sean Doolittle,0,0,WAS,0,0.19,63843fcb972915bc12d39340
26,2,0,0,5,8.44,1,0,8,0,0,5.1,1,0,Zac Lowther,0,0,BAL,0,1.88,63843fcb972915bc12d39341
27,0,0,0,3,5.06,1,0,8,0,0,5.1,7,0,Robert Dugger,0,0,TB,0,1.50,63843fcb972915bc12d39342
33,6,0,0,7,11.81,2,0,9,0,3,5.1,5,0,Chris Mazza,0,0,TB,1,2.81,63843fcb972915bc12d39343
28,10,0,0,14,23.63,8,0,11,2,1,5.1,9,3,Jake Brentz,0,0,KC,0,3.94,63843fcb972915bc12d39344
32,4,0,0,1,1.80,5,0,6,0,0,5.0,3,0,Louis Head,0,0,BAL,0,2.00,63843fcb972915bc12d39345
28,4,0,0,5,9.00,7,0,3,0,1,5.0,3,0,Ray Kerr,0,0,SD,0,1.40,63843fcb972915bc12d39346
24,3,0,0,0,0.00,1,0,1,0,0,5.0,4,0,Angel Rondon,0,0,STL,1,0.80,63843fcb972915bc12d39347
27,1,0,0,2,3.60,4,0,9,0,0,5.0,6,0,Jhon Romero,0,0,MIN,0,2.00,63843fcb972915bc12d39348
22,2,0,0,2,3.60,1,1,3,0,1,5.0,3,1,Simeon Woods Richardson,0,0,MIN,0,1.00,63843fcb972915bc12d39349
37,4,0,0,4,7.20,4,0,6,0,1,5.0,4,0,Tyler Clippard,0,0,WAS,0,2.00,63843fcb972915bc12d3934a
23,6,0,0,4,7.20,3,0,2,0,1,5.0,3,0,Francisco Morales,0,1,PHI,0,1.60,63843fcb972915bc12d3934b
26,0,0,0,2,3.60,1,1,5,0,1,5.0,3,1,Nick Neidert,0,0,MIA,0,1.00,63843fcb972915bc12d3934c
25,3,0,0,0,0.00,2,0,3,1,0,5.0,4,0,Max Kranick,0,0,PIT,0,1.20,63843fcb972915bc12d3934d
34,1,0,0,1,1.80,5,0,1,1,1,5.0,6,1,Blake Treinen,0,0,LAD,1,0.40,63843fcb972915bc12d3934e
29,4,0,0,4,7.20,3,0,7,0,1,5.0,4,0,Sean Newcomb,0,0,ATL,0,2.20,63843fcb972915bc12d3934f
30,1,0,0,1,1.93,5,0,6,0,0,4.2,2,0,Jake Reed,0,1,LAD,0,1.50,63843fcb972915bc12d39350
30,3,0,0,1,1.93,1,1,4,0,0,4.2,3,0,Chi Chi Gonzalez,0,0,NYY,0,1.50,63843fcb972915bc12d39351
28,2,0,0,10,19.29,1,1,12,0,3,4.2,4,1,Thomas Hatch,0,0,TOR,0,3.00,63843fcb972915bc12d39352
30,5,0,0,6,11.57,5,1,8,0,1,4.2,6,0,Jimmy Yacabonis,0,0,TB,0,2.79,63843fcb972915bc12d39353
37,1,0,0,4,7.71,5,0,6,0,3,4.2,5,1,Greg Holland,0,0,TEX,0,1.50,63843fcb972915bc12d39354
34,2,0,0,7,13.50,1,1,8,0,1,4.2,5,1,Stephen Strasburg,0,0,WAS,0,2.14,63843fcb972915bc12d39355
25,5,0,0,4,7.71,3,1,3,0,2,4.2,5,0,Tommy Romero,0,0,TB,1,1.71,63843fcb972915bc12d39356
28,5,0,0,5,9.64,4,0,4,0,0,4.2,5,0,Damon Jones,0,0,PHI,0,1.93,63843fcb972915bc12d39357
31,1,0,0,4,7.71,2,0,6,0,1,4.2,5,1,Raynel Espinal,0,0,CIN,0,1.50,63843fcb972915bc12d39358
29,1,0,0,2,4.15,3,0,4,0,0,4.1,2,0,Cristofer Ogando,0,0,TB,0,1.15,63843fcb972915bc12d39359
24,2,0,0,7,14.54,1,1,6,0,0,4.1,6,1,Cade Cavalli,0,0,WAS,0,1.85,63843fcb972915bc12d3935a
28,5,0,0,9,18.69,3,0,9,0,0,4.1,7,1,Yennier Cano,0,0,BAL,0,3.23,63843fcb972915bc12d3935b
28,3,1,0,5,10.38,4,0,6,0,1,4.1,7,1,Garrett Cleavinger,0,0,LAD,0,2.08,63843fcb972915bc12d3935c
30,1,0,0,3,6.23,3,0,3,0,2,4.1,4,0,Silvino Bracho,0,0,ATL,0,0.92,63843fcb972915bc12d3935d
27,4,0,0,2,4.15,4,0,6,0,1,4.1,3,0,Albert Abreu,0,0,KC,0,2.31,63843fcb972915bc12d3935e
32,1,0,0,10,20.77,1,1,10,0,2,4.1,4,1,Jerad Eickhoff,0,0,PIT,0,2.54,63843fcb972915bc12d3935f
32,1,0,0,4,8.31,4,0,5,0,2,4.1,3,0,Matt Koch,0,0,SEA,0,1.38,63843fcb972915bc12d39360
32,4,0,0,0,0.00,5,0,1,0,0,4.1,6,0,Ken Giles,0,0,SEA,0,1.15,63843fcb972915bc12d39361
30,6,0,0,5,10.38,2,2,5,0,0,4.1,2,0,Chris Ellis,0,0,BAL,0,2.54,63843fcb972915bc12d39362
29,3,0,0,5,10.38,6,0,3,0,1,4.1,3,0,Sam Clay,0,0,WAS,0,1.38,63843fcb972915bc12d39363
27,4,0,0,6,12.46,5,0,6,0,0,4.1,2,0,Foster Griffin,0,0,KC,0,2.31,63843fcb972915bc12d39364
32,0,0,0,5,11.25,3,0,7,0,1,4.0,3,0,Chris Devenski,0,0,PHI,0,1.75,63843fcb972915bc12d39365
31,4,0,0,4,9.00,2,0,6,0,1,4.0,5,0,Luke Farrell,0,0,CIN,0,2.50,63843fcb972915bc12d39366
30,1,0,0,1,2.25,4,0,3,0,1,4.0,4,0,Michael Kelly,0,0,PHI,0,1.00,63843fcb972915bc12d39367
25,1,0,0,2,4.50,2,0,3,0,1,4.0,5,0,Pedro Avila,0,0,SD,0,1.00,63843fcb972915bc12d39368
30,0,0,0,5,11.25,3,0,7,0,2,4.0,3,0,Luke Barker,0,0,MIL,0,1.75,63843fcb972915bc12d39369
24,2,0,0,4,9.00,1,1,5,0,0,4.0,5,0,Luis Gil,0,0,NYY,0,1.75,63843fcb972915bc12d3936a
25,4,0,0,8,18.00,5,0,7,0,2,4.0,4,0,Franklin German,0,0,BOS,0,2.75,63843fcb972915bc12d3936b
24,2,0,0,7,15.75,1,1,9,0,2,4.0,5,0,Jose Butto,0,0,NYM,0,2.75,63843fcb972915bc12d3936c
25,1,0,0,0,0.00,2,0,2,0,0,4.0,2,0,Kyle Tyler,0,0,SD,1,0.75,63843fcb972915bc12d3936d
41,1,0,0,7,15.75,7,0,8,0,1,4.0,1,1,Oliver Perez,0,0,ARI,1,2.25,63843fcb972915bc12d3936e
39,2,0,0,2,4.91,6,0,1,0,1,3.2,3,1,Sergio Romo,0,0,TOR,0,0.82,63843fcb972915bc12d3936f
27,0,0,0,0,0.00,3,0,2,0,0,3.2,4,0,Luis Castillo,0,0,DET,0,0.55,63843fcb972915bc12d39370
28,2,0,0,3,7.36,2,0,7,0,1,3.2,5,0,Danny Young,0,0,SEA,0,2.45,63843fcb972915bc12d39371
25,4,0,0,6,14.73,1,1,8,0,5,3.2,2,1,Tommy Romero,0,0,WAS,0,3.27,63843fcb972915bc12d39372
22,4,0,0,4,9.82,1,1,6,0,0,3.2,3,0,Ryan Weathers,0,0,SD,0,2.73,63843fcb972915bc12d39373
27,2,0,0,1,2.45,3,0,1,0,0,3.2,3,0,Miguel Diaz,0,0,DET,0,0.82,63843fcb972915bc12d39374
29,1,0,0,2,4.91,2,0,3,0,1,3.2,6,0,Eric Stout,0,0,CHC,0,1.09,63843fcb972915bc12d39375
25,0,0,0,2,4.91,2,0,5,0,2,3.2,6,0,Alex Wells,0,0,BAL,0,1.36,63843fcb972915bc12d39376
23,3,0,0,2,4.91,2,0,3,0,0,3.2,2,0,Gregory Santos,0,0,SF,0,1.64,63843fcb972915bc12d39377
35,0,0,0,1,2.45,5,0,3,0,0,3.2,7,1,Justin Wilson,0,0,CIN,0,0.82,63843fcb972915bc12d39378
29,2,0,0,1,2.70,1,0,1,0,1,3.1,4,0,Michael Feliz,0,0,BOS,0,0.90,63843fcb972915bc12d39379
30,2,0,0,0,0.00,3,0,1,0,0,3.1,2,0,Alex Claudio,0,0,NYM,0,0.90,63843fcb972915bc12d3937a
26,2,0,0,4,10.80,3,0,7,0,0,3.1,6,0,Bryce Montes de Oca,0,0,NYM,0,2.70,63843fcb972915bc12d3937b
25,4,0,0,0,0.00,3,0,1,0,0,3.1,2,0,Junior Fernandez,0,0,PIT,0,1.50,63843fcb972915bc12d3937c
29,0,0,0,4,10.80,1,0,6,0,2,3.1,0,0,A.J. Ladwig,0,0,MIA,0,1.80,63843fcb972915bc12d3937d
26,1,0,0,1,2.70,1,1,2,0,0,3.1,4,0,Cooper Criswell,0,0,TB,0,0.90,63843fcb972915bc12d3937e
26,2,0,0,0,0.00,1,0,1,0,0,3.0,1,0,Nate Fisher,0,0,NYM,0,1.00,63843fcb972915bc12d3937f
32,5,0,0,0,0.00,3,0,1,0,0,3.0,3,0,Parker Markel,0,0,OAK,0,2.00,63843fcb972915bc12d39380
27,3,0,0,1,3.00,3,0,3,0,0,3.0,2,0,Enoli Paredes,0,0,HOU,0,2.00,63843fcb972915bc12d39381
31,1,0,0,3,9.00,2,0,4,0,2,3.0,2,0,Connor Sadzeck,0,0,MIL,0,1.67,63843fcb972915bc12d39382
24,0,0,0,0,0.00,1,0,4,0,0,3.0,1,0,Easton McGee,0,0,TB,0,1.33,63843fcb972915bc12d39383
27,1,0,0,5,15.00,1,0,6,0,0,3.0,3,0,Cody Sedlock,0,0,BAL,0,2.33,63843fcb972915bc12d39384
30,1,0,0,2,6.00,5,0,2,0,0,3.0,2,0,Rob Zastryzny,0,0,LAA,0,1.00,63843fcb972915bc12d39385
26,0,0,0,0,0.00,3,0,2,1,0,2.2,1,0,Ryan Castellani,0,0,OAK,0,0.75,63843fcb972915bc12d39386
25,1,0,0,0,0.00,2,0,3,0,0,2.2,2,0,Aneurys Zabala,0,0,MIA,0,1.50,63843fcb972915bc12d39387
27,0,0,0,1,3.38,1,0,4,0,0,2.2,2,0,David McKay,0,0,OAK,0,1.50,63843fcb972915bc12d39388
27,1,0,0,2,6.75,1,0,3,0,1,2.2,0,0,Ian Hamilton,0,0,MIN,0,1.50,63843fcb972915bc12d39389
26,1,0,0,1,3.38,1,0,3,0,0,2.2,2,0,Jordan Holloway,0,0,MIA,0,1.50,63843fcb972915bc12d3938a
28,0,0,0,0,0.00,1,0,4,0,0,2.2,1,0,Danny Young,0,0,ATL,0,1.50,63843fcb972915bc12d3938b
25,3,0,0,3,10.13,3,0,3,0,1,2.2,2,0,Daniel Duarte,0,0,CIN,0,2.25,63843fcb972915bc12d3938c
27,2,0,0,4,13.50,3,0,3,0,0,2.2,5,1,Jake Walsh,0,0,STL,0,1.88,63843fcb972915bc12d3938d
28,2,0,0,2,6.75,2,0,3,0,1,2.2,2,0,Matt Peacock,0,0,ARI,0,1.88,63843fcb972915bc12d3938e
29,1,0,0,4,13.50,4,0,6,0,3,2.2,0,0,Tayler Saucedo,0,0,TOR,0,2.63,63843fcb972915bc12d3938f
30,2,0,0,1,3.86,2,0,3,0,0,2.1,0,1,Brennan Bernardino,0,0,SEA,0,2.14,63843fcb972915bc12d39390
26,5,0,0,6,23.14,2,0,5,0,0,2.1,1,0,J.C. Mejia,0,0,MIL,0,4.29,63843fcb972915bc12d39391
31,3,0,0,0,0.00,2,0,0,0,0,2.1,2,0,Austin Adams,0,0,SD,1,1.29,63843fcb972915bc12d39392
27,2,0,0,0,0.00,2,0,2,0,0,2.1,2,0,Jorge Alcala,0,0,MIN,0,1.71,63843fcb972915bc12d39393
31,3,0,0,3,11.57,1,0,4,0,2,2.1,2,1,R.J. Alvarez,0,0,NYM,0,3.00,63843fcb972915bc12d39394
34,3,0,0,3,11.57,3,0,5,0,0,2.1,2,0,Pedro Baez,0,0,HOU,0,3.43,63843fcb972915bc12d39395
32,1,0,0,2,9.00,2,0,2,0,1,2.0,1,0,Robbie Erlin,0,0,LAD,0,1.50,63843fcb972915bc12d39396
34,0,0,0,0,0.00,1,0,2,0,0,2.0,1,0,Shane Greene,0,0,LAD,1,1.00,63843fcb972915bc12d39397
29,4,0,0,2,9.00,3,0,2,0,1,2.0,1,0,Sam Howard,0,0,PIT,0,3.00,63843fcb972915bc12d39398
27,1,0,0,0,0.00,1,0,1,0,0,2.0,2,0,Foster Griffin,0,0,TOR,0,1.00,63843fcb972915bc12d39399
32,1,1,0,1,4.50,2,0,4,0,1,2.0,2,1,Derek Law,0,0,DET,0,2.50,63843fcb972915bc12d3939a
26,0,0,0,0,0.00,2,0,1,0,0,2.0,2,0,Michel Baez,0,0,SD,0,0.50,63843fcb972915bc12d3939b
27,2,0,0,0,0.00,2,0,2,0,0,2.0,1,0,Jordan Sheffield,0,0,COL,0,2.00,63843fcb972915bc12d3939c
27,1,0,0,1,4.50,1,0,2,0,0,2.0,3,0,Anthony Kay,0,0,TOR,0,1.50,63843fcb972915bc12d3939d
26,1,0,0,3,13.50,2,0,4,0,1,2.0,1,0,JoJo Romero,0,0,PHI,0,2.50,63843fcb972915bc12d3939e
27,3,0,0,4,18.00,1,0,3,0,1,2.0,1,0,Javy Guerra,0,0,SD,0,3.00,63843fcb972915bc12d3939f
29,3,0,0,1,4.50,2,0,3,0,1,2.0,0,0,Gerardo Reyes,0,0,LAA,0,3.00,63843fcb972915bc12d393a0
29,1,0,0,0,0.00,1,0,0,0,0,2.0,4,0,Andrew Vasquez,0,0,SF,0,0.50,63843fcb972915bc12d393a1
27,2,0,0,4,18.00,1,0,3,0,1,2.0,0,0,David McKay,0,0,TB,0,2.50,63843fcb972915bc12d393a2
27,2,0,0,0,0.00,2,0,1,0,0,2.0,1,0,David McKay,0,0,NYY,0,1.50,63843fcb972915bc12d393a3
29,0,0,0,3,13.50,1,0,3,0,2,2.0,4,0,Locke St. John,0,0,CHC,0,1.50,63843fcb972915bc12d393a4
32,1,0,0,0,0.00,2,0,0,1,0,2.0,1,0,Vinny Nittoli,0,0,PHI,0,0.50,63843fcb972915bc12d393a5
27,1,0,0,1,4.50,1,0,3,0,0,2.0,1,0,Yohan Ramirez,0,0,CLE,0,2.00,63843fcb972915bc12d393a6
26,1,0,0,0,0.00,2,0,1,1,0,2.0,2,0,Nick Mears,0,0,PIT,0,1.00,63843fcb972915bc12d393a7
23,1,0,0,0,0.00,2,0,2,0,0,2.0,2,0,William Woods,0,0,ATL,0,1.50,63843fcb972915bc12d393a8
23,2,0,0,5,27.00,2,0,4,0,0,1.2,4,0,Kervin Castro,0,0,SF,0,3.60,63843fcb972915bc12d393a9
25,2,0,0,1,5.40,1,0,2,0,0,1.2,1,0,Nicholas Padilla,0,0,CHC,0,2.40,63843fcb972915bc12d393aa
25,2,0,0,2,10.80,3,0,3,0,0,1.2,1,0,Logan Allen,0,0,BAL,0,3.00,63843fcb972915bc12d393ab
32,0,0,0,0,0.00,1,0,2,0,0,1.2,2,0,Jacob Barnes,0,0,NYY,0,1.20,63843fcb972915bc12d393ac
29,4,0,0,3,16.20,2,0,1,0,0,1.2,3,0,Austin Davis,0,0,MIN,0,3.00,63843fcb972915bc12d393ad
26,3,0,0,9,60.75,1,1,7,0,4,1.1,2,1,Thomas Szapucki,0,0,NYM,0,7.50,63843fcb972915bc12d393ae
35,0,0,0,0,0.00,2,0,1,0,0,1.1,1,0,Jay Jackson,0,0,ATL,0,0.75,63843fcb972915bc12d393af
29,0,0,0,0,0.00,1,0,1,0,0,1.1,0,0,Ian Gibaut,0,0,CLE,0,0.75,63843fcb972915bc12d393b0
25,0,0,0,0,0.00,1,0,1,1,0,1.0,1,0,Yerry Rodriguez,0,0,TEX,0,1.00,63843fcb972915bc12d393b1
27,0,0,0,0,0.00,1,0,1,0,0,1.0,1,0,Conner Menez,0,0,CHC,0,1.00,63843fcb972915bc12d393b2
26,0,0,0,0,0.00,1,0,2,0,0,1.0,1,0,Nick Duron,0,0,PHI,0,2.00,63843fcb972915bc12d393b3
30,1,0,0,2,18.00,1,0,1,0,1,1.0,1,0,Bubby Rossman,0,0,PHI,0,2.00,63843fcb972915bc12d393b4
26,0,0,0,0,0.00,1,0,1,0,0,1.0,1,0,Cam Alldred,0,0,PIT,0,1.00,63843fcb972915bc12d393b5
27,3,0,0,2,18.00,2,0,1,0,0,1.0,0,0,Nick Snyder,0,0,TEX,0,4.00,63843fcb972915bc12d393b6
25,1,0,0,2,18.00,1,0,3,0,1,1.0,2,0,Noah Davis,0,0,COL,0,4.00,63843fcb972915bc12d393b7
27,1,0,0,0,0.00,1,0,1,0,0,1.0,1,0,"Riley O'Brien",0,0,SEA,0,2.00,63843fcb972915bc12d393b8
37,0,0,0,1,9.00,1,0,2,0,0,1.0,0,0,Cesar Valdez,0,0,LAA,0,2.00,63843fcb972915bc12d393b9
34,1,0,0,2,18.00,1,0,1,0,1,1.0,1,0,Shane Greene,0,0,NYY,0,2.00,63843fcb972915bc12d393ba
32,0,0,0,0,0.00,1,0,0,0,0,1.0,0,0,Luke Bard,0,0,NYY,0,0.00,63843fcb972915bc12d393bb
29,1,0,0,0,0.00,1,0,1,0,0,1.0,2,0,Sam Clay,0,0,NYM,0,2.00,63843fcb972915bc12d393bc
30,0,0,0,1,9.00,1,0,1,0,0,1.0,1,0,Rob Zastryzny,0,0,NYM,0,1.00,63843fcb972915bc12d393bd
32,2,0,0,2,18.00,1,0,2,0,0,1.0,1,0,Matt Dermody,0,0,CHC,0,4.00,63843fcb972915bc12d393be
30,2,0,0,1,9.00,1,0,2,0,0,1.0,2,0,Paul Fry,0,0,ARI,0,4.00,63843fcb972915bc12d393bf
28,0,0,0,2,18.00,1,0,4,0,0,1.0,0,0,Shaun Anderson,0,0,TOR,0,4.00,63843fcb972915bc12d393c0
26,1,0,0,1,9.00,1,0,1,0,0,1.0,1,0,Jose Castillo,0,0,SD,0,2.00,63843fcb972915bc12d393c1
26,1,1,0,3,40.50,1,0,2,0,1,0.2,0,1,Brendon Little,0,0,CHC,0,4.50,63843fcb972915bc12d393c2
24,0,0,0,0,0.00,1,0,1,0,0,0.2,1,0,Freddy Tarnok,0,0,ATL,0,1.50,63843fcb972915bc12d393c3
29,5,0,0,3,40.50,2,0,2,0,0,0.2,1,0,Anthony Banda,0,0,NYY,0,10.50,63843fcb972915bc12d393c4
34,6,0,0,1,13.50,3,0,1,2,0,0.2,1,0,Zack Britton,0,0,NYY,0,10.50,63843fcb972915bc12d393c5
26,0,0,0,0,0.00,1,0,1,0,0,0.2,1,0,Bowden Francis,0,0,TOR,0,1.50,63843fcb972915bc12d393c6
29,0,0,0,1,27.00,1,0,2,0,1,0.1,0,0,Tyler Cyr,0,0,PHI,0,6.00,63843fcb972915bc12d393c7
34,1,0,0,2,54.00,1,0,3,0,1,0.1,0,0,Brian Moran,0,0,LAA,0,12.00,63843fcb972915bc12d393c8
29,0,0,0,0,0.00,1,0,1,0,0,0.1,1,0,Alex Young,0,0,CLE,0,3.00,63843fcb972915bc12d393c9
25,1,0,0,0,0.00,1,0,1,0,0,0.1,0,0,Nash Walters,0,0,LAA,0,6.00,63843fcb972915bc12d393ca